tag,query_group,층,수집 여부,선정 이유,기대 역할,파일럿 게시물 수,파일럿 댓글 수(필터 후),자동 관련도,수동 관련도,반응 라벨 비율(공포/호기심/놀이/무관심/적응),판정,비고
로봇청소기강아지,robot,④ 로봇청소기 × 강아지,수집,로청에 대한 강아지 반응(공포·호기심) 장면,펫모드 수용성·리스크 근거,1,1,50.0%,,공포 0.0%/호기심 0.0%/놀이 0.0%/무관심 0.0%/적응 0.0%,drop,"강아지 적중률 70%(7/10, 통일된 판별 범위 기준)지만 최근 1년 게시물 0% → 최근 활동량 부족; 기간 730일 확장(반응은 제품 버전과 무관)"
강아지로봇청소기,robot,④ 로봇청소기 × 강아지,수집,위 태그의 어순 변형(누락 방지),펫모드 수용성·리스크 근거,1,0,100.0%,,공포 0.0%/호기심 0.0%/놀이 0.0%/무관심 0.0%/적응 0.0%,drop,"최근성 5%, 광고 5%, 강아지 적중률 60%, 최종 1/21건 → 탈락 사유: 최근성 5%; 기간 730일 확장(반응은 제품 버전과 무관)"
로청강아지,robot,④ 로봇청소기 × 강아지,수집,로봇청소기 줄임말 사용층,펫모드 수용성·리스크 근거,0,0,0.0%,,,drop,"최근성 0%, 광고 0%, 강아지 적중률 0%, 최종 0/1건 → 탈락 사유: 게시물 1건뿐(부족) · 최근성 0% · 강아지 적중률 0%; 기간 730일 확장(반응은 제품 버전과 무관)"
로봇청소기무서워,robot,④ 로봇청소기 × 강아지,수집,공포 반응 직접 언급,수용성 리스크 → 적응 기능 설계 근거,0,0,0.0%,,,drop,"최근성 0%, 광고 0%, 강아지 적중률 27%, 최종 0/30건 → 탈락 사유: 최근성 0% · 강아지 적중률 27%; 기간 730일 확장(반응은 제품 버전과 무관)"
제트봇,robot,④ 로봇청소기 × 강아지,수집,삼성 제트봇 AI 펫케어 기능 후기,경쟁사 기능 비교표,0,0,0.0%,,,drop,"최근성 0%, 광고 3%, 강아지 적중률 7%, 최종 0/30건 → 탈락 사유: 최근성 0% · 강아지 적중률 7%"
비스포크제트봇,robot,④ 로봇청소기 × 강아지,수집,삼성 제품 라인 후기,경쟁사 기능 비교표,0,0,0.0%,,,drop,"최근성 0%, 광고 17%, 강아지 적중률 0%, 최종 0/30건 → 탈락 사유: 최근성 0% · 강아지 적중률 0%"
로보락,robot,④ 로봇청소기 × 강아지,수집,로보락 후기(펫 관련 필터링 필요),경쟁사 기능 비교표,0,0,0.0%,,,drop,"최근성 100%, 광고 47%, 강아지 적중률 0%, 최종 0/30건 → 탈락 사유: 광고 47% · 강아지 적중률 0%"
펫케어로봇청소기,robot,④ 로봇청소기 × 강아지,수집,펫 기능 로청 전반,경쟁사 기능 비교표,0,0,0.0%,,,drop,"최근성 0%, 광고 0%, 강아지 적중률 0%, 최종 0/1건 → 탈락 사유: 게시물 1건뿐(부족) · 최근성 0% · 강아지 적중률 0%"
로봇청소기,robot,④ 로봇청소기 × 강아지,수집,단일 태그 활동량 확보 후 강아지 언급 글만 선별(교집합 방식),펫모드 수용성·리스크 근거 (로봇청소기강아지 대안),1,0,100.0%,,공포 0.0%/호기심 0.0%/놀이 0.0%/무관심 0.0%/적응 0.0%,drop,"교집합 방식 검증: 최근성 100%지만 강아지 적중률 2.2%(1/46), 반응 글 0건 → 비효율"
펫캠,substitute,③ 대체재,수집,현재 원격 교감 해결책의 사용 장면,대체재 Gain·사용 방식 → 차별화 근거,24,18,71.4%,,,keep,"본수집 확정: 관련도 71%, 최근 1년 100%, 광고 10% (파일럿 게시물 24/30, 댓글 18)"
강아지cctv,substitute,③ 대체재,수집,펫캠 대신 쓰는 CCTV·홈캠,대체재 Gain·사용 방식 → 차별화 근거,14,31,33.3%,,,keep,"본수집 신규 0건(200건 중 183건 기간 외), 파일럿 45건으로 확정"
강아지홈캠,substitute,③ 대체재,수집,홈캠 활용 후기,대체재 Gain·사용 방식 → 차별화 근거,23,26,61.2%,,,keep,"본수집 확정: 관련도 61%, 최근 1년 100%, 광고 3% (파일럿 게시물 23/30, 댓글 26)"
홈캠강아지,substitute,③ 대체재,수집,위 태그의 어순 변형,대체재 Gain·사용 방식 → 차별화 근거,0,0,0.0%,,,drop,최종 문서 0건
이동형홈캠,substitute,③ 대체재,수집,이동형 홈캠(DCX 분석 대상)의 사용 장면,DCX 분석 보조(주력은 쇼핑몰 리뷰),0,0,0.0%,,,drop,최종 문서 0건
퍼보,substitute,③ 대체재,수집,간식 투척 펫캠(대표 경쟁 제품),경쟁사 기능 비교표,20,4,8.3%,,,drop,"관련도 8%, 제품 소개 위주 → 경쟁사 비교는 공식 자료·쇼핑몰 리뷰로 대체"
강아지분리불안,situation,① 사용 상황,제외(스레드로 대체),혼자 있는 시간의 불안 증상,고민 도출은 스레드·네이버가 담당,,,,,,,인스타 제외
혼자있는강아지,situation,① 사용 상황,제외(스레드로 대체),외출 중 상황 묘사,고민 도출은 스레드·네이버가 담당,,,,,,,인스타 제외
출근하는견주,situation,① 사용 상황,제외(스레드로 대체),직장인 견주의 부재 시간,고민 도출은 스레드·네이버가 담당,,,,,,,인스타 제외
노즈워크,bonding,② 교감 행동,제외(스레드로 대체),노즈워크 놀이 수요,고민 도출은 스레드·네이버가 담당,,,,,,,인스타 제외
강아지실내놀이,bonding,② 교감 행동,제외(스레드로 대체),실내 놀이 방법·고민,고민 도출은 스레드·네이버가 담당,,,,,,,인스타 제외
