term,pet_docs,pet_rate,non_rate,lift
모래,31,0.056776556776556776,0.00026621233095516984,213.27545787545787
패드,24,0.04395604395604396,0.001863486316686189,23.588069073783362
배변,23,0.04212454212454213,5.324246619103397e-05,791.1831501831502
털다,22,0.040293040293040296,0.0014375465871579172,28.029032695699364
짖다,16,0.029304029304029304,5.324246619103397e-05,550.3882783882784
지내다,15,0.027472527472527472,0.005271004152912363,5.212010212010212
무섭다,15,0.027472527472527472,0.0014375465871579172,19.11070411070411
실시간,14,0.02564102564102564,0.0037802150995634117,6.782954135066811
관심,14,0.02564102564102564,0.005058034288148227,5.0693657219973005
따라다니다,12,0.02197802197802198,0.003673730167181344,5.982481286829113
날리다,11,0.020146520146520148,0.0012245767223937813,16.45182353878006
장난감,11,0.020146520146520148,0.003034820572888936,6.638455112139323
사보다,11,0.020146520146520148,0.0037802150995634117,5.329463963266781
다행하다,10,0.018315018315018316,0.003247790437653072,5.639224163814328
분리,9,0.016483516483516484,0.0031413055052710043,5.247345874464519
