url_hash,like_count,comment_count,is_video
9c8a6488e0cb59db,-1,1.0,False
d69a1ed60f28e21d,0,,
87ca7f4d3b8f6b24,29,0,False
151c352a837aa342,0,0,False
f553bb75a8841db7,36,26.0,False
22dfef19accd9479,2,0.0,False
451df21ea87d2471,5,0.0,False
81978e5d41409f7d,1,0.0,False
bc6037e40d4576ca,5,0.0,False
b126fd4ed2a8ca42,1,0.0,False
e38a3787d0afb8e8,721,3.0,False
cf26e7464e443bfa,19,2.0,False
9bcc1f217a04964d,25,6.0,False
b3ee9cde2ee72f0f,9,0.0,False
0dcadd6f13a6fea5,2,0.0,False
3b2657b78b99f6fe,47,1.0,False
82a3ec4b72999c5c,4,0.0,False
0672f8cbebb11412,10,1.0,False
4f3c8339f32c56cb,0,0.0,False
919160b17205b911,32,4.0,False
906624d85b10bcf2,4,0.0,False
aa871977f847d8b2,4,0.0,False
b90060af3e8cf62b,0,0.0,False
21d68918ea7639be,5,1.0,False
51cba760c900817d,4,0.0,False
2357bbfa66c05914,9,0.0,False
ab801d7cb509ffb9,12,3.0,False
dd4405f7143e2ce4,11,0.0,False
576c3b90dad3467d,0,,
67c5c2a09c2b23cd,0,,
24e98870d9fe3a8b,1,,
bcead8ce0c824142,1,,
d60a4194e8044c0d,1,,
16d7b67f2789704f,1,,
5fd3c10cd64ed196,1,,
cec2ab00e917961e,1,,
955d7a7abab2976d,1,,
2836e3aa296dce07,1,,
2326dbcbd64b71fe,1,,
bde7e5565aae404c,1,,
0c8779ee3059b6f0,1,,
70e2934af09a43ff,1,,
1ba4fa192a429b11,0,,
9c5afb23e2e56626,0,,
9fac9865c359d48f,1,,
53dd42ee75876263,0,,
ff1b4990cd632a2f,11,2.0,False
9044bb21dd79d485,361,147.0,False
57355f1ccd9d28f7,202,14.0,False
de75b17df3e88f01,5,1.0,False
495c0c840ad2ece0,557,185.0,False
a8bdd0c83ef84667,5,2.0,False
59a9fde080fb71b8,127,8.0,False
15ec1ef699376237,24,12.0,False
989ed7631965bf4c,61,25.0,False
2c8f632d861e49cf,92,6.0,False
78c516851bb6087a,21,5.0,False
6db990ee4405a09c,117,13.0,False
7fde1a1adbee6919,1,0.0,False
e4bd31b87e7b05ca,5,0.0,False
96f2d498a0316d6c,0,,
2a86d9eb00dd4536,0,,
6d395c3af4500ae1,0,,
dcd57f665b80c7b0,0,,
5afbf8e7d7be4d01,0,,
7628202031016a4d,0,,
cf8a97b0dfdb23ee,0,,
211cba589ba49085,0,,
5c15bf2af61bcf64,0,,
3f4ce1f6bcd8b19e,0,,
a878bc5f4b309319,1,,
b128e1b28fd78007,0,,
b892183c0d4a86ad,1,,
ffad7d47572fda94,1,,
cbd80a4d8ef985f2,2,,
286a8623a14bc3ba,0,,
d576fd83130fbd3e,1,,
fc0239685bf54a87,0,,
0d0fd54353fd6279,0,,
674f6fd5662fdbfa,0,,
2f2f8f375e28bf68,0,,
abfb00bb37d3f17e,0,,
392657eab252eca9,0,,
07328205316751bb,0,,
e3305b53a698594a,0,,
bc2532a4bb2fa7b9,0,,
3f8b09dc4c58a952,0,,
f7fc0b9fa6c3583b,0,,
4279bde6f6c9b104,1,,
82714bf18556e269,0,,
5b982c097ae6542b,1,,
f737189e40b33030,10,1.0,False
ce1b470e58ba588e,4,0.0,False
7d22b16debf6f43b,-1,5.0,False
d01514f58667a498,12,4.0,False
7f05b00e34866637,8,0.0,False
a7c993ac20c124ed,40,0.0,False
62b294872c3c794a,-1,13.0,False
6ce87958e8448193,30,3.0,False
927c02f23559383b,26,2.0,False
a184b474c34412cd,6,0.0,False
ec31701feb758d43,-1,3.0,False
81c40459b90804af,17,6.0,False
f07bcb6de8532f23,29,4.0,False
4e1a4886b7445c1d,12,2.0,False
5ffa3aa914de2750,21,3.0,False
53ddfe130e761c09,46,3.0,False
c185914594548a54,69,29.0,False
96a0ffd7f64243db,-1,5.0,False
ed5c7ad8beece48e,177,12.0,False
e2ee28b9e61bd9ab,9,1.0,False
f9334537fa2934e6,19,0.0,False
704fdb2ce43056f1,83,0.0,False
1ce75f6c008dcf5c,301,14.0,False
77cb0f72b758acfc,1,,
21884e71d6641c4b,0,,
98b26973367c6f79,1,,
05279e99cff8ed58,1,,
cf95dafed35257f5,1,,
d13200e0729f9df7,1,,
d27f86c044c5bb96,1,,
18003593e7ec2fb0,0,,
84c6a2a4834f1e87,0,,
2de1178a582f1115,1,,
22cc9d10269dd30f,1,,
0dbe6274dfaf3214,1,,
fa8919dbee4e9bc2,0,,
8c418c0b1a042556,0,,
c24d277064deaa2e,0,,
c92a19ad13a09e1a,0,,
253f7f595afaef90,0,,
919119482a05111c,1,,
c4f144d1d812ee55,2,,
cf08e495925f6dea,1,,
011b2fb9ad4eab52,1,,
eb7e252af7f71778,1,,
17544510c1276379,1,,
df3986453c00281d,2,,
ebe872f281278087,0,,
749d4c30d09c6091,0,,
0b0fe6a8d32c630b,12,1.0,False
5853c66d90480ec8,1,0.0,False
852ac6ee8725194a,18,0.0,False
4f961915e72efd21,20,3.0,False
069b3e7373a61a63,50,6.0,False
81fd201b9d110375,33,2.0,False
77595c19afc6767c,0,0.0,False
80ad9c3ff243a82e,3,0.0,False
e5dd76bf9fe5e804,9,2.0,False
ca8f19946b928f69,27,2.0,False
31b71bbb0d134488,12,2.0,False
0cbbe7d3aab3c4aa,1,0.0,False
395c5e6eaa103b87,55,2.0,False
968afa8ade94a6cb,7,0.0,False
c43b2c515b0c4e7e,7,0.0,False
2e094e606cff0701,21,6.0,False
f0d065aa6061a9c5,33,0.0,False
4f7cd1d6c441a8eb,9,0.0,False
350d66f6cb675b86,1,0.0,False
efcda8ac96643707,17,0.0,False
f3d106bf5aab9779,0,,
f25e70e77a2a4bc9,1,,
6e882d016736f7c0,1,,
cd92b19bb7d55cb2,1,,
8b5a1ec7c567bdd4,129,2.0,False
887c55fe6a785deb,-1,0.0,False
d3fb087026c1c075,10,0.0,False
4e0b859c3b37d0ea,720,763.0,False
f54a7a1b80541a59,963,375.0,False
b43c129cc354ada1,257,263.0,False
1e0d9c61a3caf626,0,2.0,False
b3e8662fe11acaca,9,2.0,False
ef8a9aa3d164bd7a,690,220.0,False
8af903c68e462c48,1,2.0,False
1a1ad39791222c21,0,0.0,False
4e5bf39ed8896ad9,11,1.0,False
21fdac8786f914d5,848,3.0,False
d8945dd089c0fd3e,48,3.0,False
ba837337f89befba,766,5.0,False
4107bb8330cfc63d,20,2.0,False
1e68833810992409,15,2.0,False
51366339e6a71cec,-1,22.0,False
e39765a23ec8ec34,1,3.0,False
cbc4b7ff1ec399d3,123,98.0,False
6ff8ef2e1a8d13fa,10,0.0,False
667027fdb7ecc0d5,799,84.0,False
986da137084be5a8,56,20.0,False
7993d9c7bef2050a,1,0.0,False
cc625b1fd5f14898,60,2.0,False
a9d2a4657981e0ff,1,0.0,False
6d848e079ee4ccc7,22,2.0,False
5664a88841a56d64,24,2.0,False
aa4278ee26ba0f47,20,2.0,False
443f40109f84f548,1,0.0,False
f4f03f6ccac70230,48,4.0,False
32a96e393c30f2f3,908,939.0,False
5684c0de5a6ccfa4,2189,836.0,False
9af59d47c61b441b,243,210.0,False
0a444b955909ed30,53,25.0,False
32f48e7dce5b5ed5,71,18.0,False
c2c146a0ca4e17e6,-1,1.0,False
b2a1c1731524bc7d,0,0.0,False
6a7ae4313ac23f4d,927,538.0,False
73696c8029a57d64,-1,0.0,False
b450af1a29acefaa,-1,15.0,False
fe0887dd49ba6320,155,6.0,False
64b834c52ab98090,2097,23.0,False
a5a465cd3dd96a1b,-1,17.0,False
6aac06c6ef52e676,3,0.0,False
9be29a62fbe72d50,3,0.0,False
32633d9df4c97d16,4,0.0,False
d99017477d6d6e9b,1,2.0,False
c4d38afbff50fe25,11,0.0,False
1b81b087307e3e32,13,2.0,False
178bce294d091c67,16,0.0,False
336f5038ac997a1d,-1,41.0,False
d6fbce757a57ed5f,72,0.0,False
a355b34442d164be,1272,93.0,False
48cf4bb2b7ab44f3,41,23.0,False
4e068b1df5840c57,0,0.0,False
7fa05753f2a2c8bd,-1,2.0,False
113b6c88e7da5334,77,60.0,False
980fd8706d3470dd,-1,2.0,False
a5b435e04d35cc97,13,2.0,False
49e13d0210e97c57,572,2.0,False
fbd2a1751b33d397,13,2.0,False
769bb7aa4aafa942,2,2.0,False
6cea0ab51a945e3d,586,4.0,False
4fc9b12a99108a9c,600,2.0,False
87ec9a749e2feeaf,515,2.0,False
c129bdbbe737d892,11,2.0,False
6857237f35714745,613,4.0,False
16ab9b6f95a19005,10,2.0,False
12eb7d1e739b9716,-1,10.0,False
41712dd66df3bd13,8,0.0,False
383638d2b0f90de1,19,10.0,False
cd8809e13616db78,38,6.0,False
e2d9322bb771bb57,76,57.0,False
fe3c927a38fbe08a,279,0.0,False
811407b8e0c19f43,4,0.0,False
009ff31a850a3e88,37,2.0,False
21d55ebbfa379267,2,3.0,False
3cc79a0b3af95483,1,2.0,False
88f72f23b17e7035,7,0.0,False
959674a9450275d7,0,2.0,False
ad9ad722c8f0691b,90,34.0,False
63aa933b08353cfc,8,5.0,False
6e458237f5ddb6bf,32,1.0,False
40023efece50ec7a,14,1.0,False
c6ef8f1b80bb3341,-1,2.0,False
ba1c2ff45092d373,96,7.0,False
ec2ea65351d25580,0,0.0,False
7f40c85bbd6aa16c,1,0.0,False
b62762ab287bf70e,-1,14.0,False
ff111a9b3c00fea4,605,702.0,False
59d4647f0305748e,-1,2.0,False
b67075aac08407e1,-1,2.0,False
aa9a9a5fe00a759e,1927,17.0,False
00984b4b444bfc97,727,836.0,False
a473307f3eb1e7f3,11,0.0,False
74f327bb361a10b0,0,0.0,False
817ec2f1a7300e4d,4,0.0,False
45fe7c259530aab6,2,1.0,False
9e818c3028b187b5,4,0.0,False
fce195a36cd1999c,28,12.0,False
2f594d32f6c764dd,-1,8.0,False
27d2aeb7e582e332,-1,2.0,False
a48aea3b55709d75,9,0.0,False
2dd73de0e704bd3f,9,3.0,False
24489210f08120e2,2,0.0,False
8e9dd0fcfb70ff38,1,0.0,False
57dccb8aa5bd12a3,23,2.0,False
a967b7dc0083d632,32,7.0,False
7688d8386a244b34,3,0.0,False
ef629abbfbd8fb9f,4,0.0,False
f3acd42a804af0d7,2,0.0,False
e97b5d9739ddda11,3,0.0,False
467ca4a44a0437db,6,1.0,False
dced70ab908b5090,1,0.0,False
345d24ab1767cf24,4,,
84478ecbb6c0dfb8,4,,
2dd42e356235c480,0,,
281c4403175e4a94,0,,
58cd2e3e4c183112,0,,
623183b38b8fb194,1,,
ac9b49062b1f3eab,1,,
ba1a2dd6dd2f2893,1,,
b4a58e92e03bb84a,1,,
56d4f860d2449a26,0,,
a84ede198374637c,1,,
4bf62c1f160273ff,1,,
f9d1de27bf457bde,1,,
3edca8202e875927,1,,
efa51ad8050c35c9,1,,
8ca8976be1cf1a35,1,,
9a6052b94120aabc,1,,
5f2df6a1c3bdce77,0,,
832734b43020fa29,0,,
2edec9ad827f8d32,0,,
de1ac222a1f95f04,0,,
fc3889ad6799e0e1,0,,
840ab38b64363410,0,,
326b5137356f95ed,0,,
0a5c87820a5d7b03,0,,
c810e0d6eb16e265,0,,
f05a7ccd465159c3,1,,
54deae68a0144660,1,,
5b1cdf78c9450bc4,1,,
bb26088b512935ef,1,,
988fdcf48849b574,1,,
a1562c8779980cfd,1,,
0ff3ead66ac52896,1,,
17cb62ab67ad605a,0,,
f2cad117b93bb648,2,,
63e4d882f21bc610,0,,
eabf75ca680f84b0,0,,
5cd2b4e3afb8954a,1,,
633dd88c1a7f97c5,1,,
ece1928a25434ca9,0,,
70e3e0d58ff51077,0,,
2f1311c9988b16e7,0,,
18164659fa794112,0,,
d02f627b3e3272a9,0,,
6d8620e1055bc8ea,0,,
34644d28dadcdc62,0,,
ab9a3fb79cf662a8,0,,
5934e2f12294d415,0,,
7dc5ca5c0f8dc360,0,,
15d6aba6864c3ac2,0,,
495416cad5bf51d1,0,,
65238297da472359,0,,
d3ea98ef960a0482,0,,
8359558fa75d8361,0,,
8fe57171ce892236,1,,
c7e95737309c5f72,0,,
f6b66819279ceb47,1,,
01f05733507a2408,1,,
cda276cd0f1e77aa,1,,
8d6c6f1febbea659,1,,
4d7a1ef13b858f2d,0,,
cdca8ac0b4621b1d,0,,
84e629fb6485c807,0,,
317a346b6d967b79,0,,
10ac13e99ce382ae,1,,
af44459765ec173d,2,,
cff25e7061bb5a08,3,,
c52f6df6302509a7,0,,
c181e4bae47aaded,0,,
ac3228465d5c51bd,0,,
990c186f8b7e388a,0,,
5cde94325bcb1bcc,1,,
7bb1f95a762964e0,0,,
948a099f18b3a8d8,0,,
fc0577ed60f63068,0,,
33c46c858f9b4b8c,1,,
201839a3fa8d2ffc,0,,
9bee6477b3eb30c7,1,,
952a78579ab29bf2,0,,
9ca36434487c1dd2,0,,
4719a9a0c3c75483,2,,
a15571841c8c79a4,1,,
7965c509bf536f12,2,,
516321cb348df57d,0,,
3cef98b33974b7e4,0,,
1244ff4e15dabdd1,0,,
aa6c62e3ad04070f,0,,
aaadf3863af8b25f,0,,
fd7d928c61bfd1ed,0,,
da1c26e8808d1f58,0,,
601b8df789572755,0,,
19131c1f9a9c0b64,0,,
a893d2380efbf698,0,,
d81b315214c02aff,0,,
cfa16241a4797440,0,,
034a616daaf5c5ed,0,,
9cba87adb4b8e188,0,,
c9725c5b460bcd6a,0,,
d6e08fdba56bb6c3,0,,
726e3ca7fcdcc757,0,,
1dbe6ae0067dd299,0,,
12670e364339f00f,0,,
c3c65a4152557a45,0,,
e1bb99df48e9e064,0,,
1eb49f172b8ab7db,0,,
128d7051ba4137de,0,,
47cd2980cc722f74,0,,
828a6e8591c1d95f,1,,
3792fd720f1bb42b,0,,
2c16fdba655eefcd,1,,
5b03828a92100e8d,0,,
e3cf8ca7173d5d87,0,,
0d046e12b94001f1,0,,
2d559df63b174d37,0,,
072613c43c135fe5,0,,
d466ad6b85ae23e3,0,,
501d1674c487110a,0,,
bea98cec2aa04c4a,0,,
89179c0d7daa7800,0,,
903d6743fab967f9,0,,
33ba1f7d475613c3,1,,
7ce018eba777f4de,0,,
1d43add9dcb5eb7a,2,,
cf74917943b66c51,0,,
a08bc3ded50db9c6,1,,
7fb2d1d30777423e,1,,
6b57ce2f45717af3,0,,
22bee582b6c4e78f,1,,
614411be608a2c68,1,,
37a419da5fa8546e,0,,
b421f68363315b7f,1,,
d72789ee3bc6a13f,0,,
592e32a9abdf6a64,0,,
a0e06c2afd970112,0,,
0e38a07f7ae7c963,0,,
ad061ae3b88d3eab,0,,
b1c62f53a2efc896,0,,
121b90208e16107e,1,,
9be82fc737e7add6,0,,
e4bc2c1fa9bce5ea,1,,
b77f612551ebcdd7,1,,
53d3f1d0c37cc34d,0,,
7dfd4322137e58bf,1,,
43b514338ec20a04,1,,
0fc2838e616ad5b4,1,,
7568eb5c1602a90c,1,,
a912ee6eb15cadb6,1,,
f27606d15f65d2ce,1,,
3775c525595fe92b,1,,
b9915ed837e16ef8,0,,
620e970bc08aebd6,0,,
d731f1f86e58600d,0,,
4ab45db3b6ba5c89,0,,
006ac2e1f922f8b0,0,,
78615fda622f1345,0,,
cc827528f5eb5c46,0,,
85f75485e1064f73,0,,
ffd33197a82d6974,1,,
d3a8884b08a30da7,1,,
990b32a39e0d34c6,1,,
1f17827fbf849865,1,,
4f04f0913cf03b86,0,,
e4454eaf8c12d935,0,,
6fe80dd867e66a78,0,,
df2455821879eef6,0,,
db5d104c789dca47,0,,
0a8f13a2fc960d15,1,,
bbb9c97c48d03f06,1,,
4c87b8fdb13d9982,1,,
b747b7c9637d704e,1,,
3ec6fd53e58666df,1,,
e8e4620e3a6c94df,0,,
b679cf36357b0683,0,,
118b100b3e41330d,0,,
eb7bcad5bc15ae78,0,,
78c79955fd3638ae,0,,
ff31b77ee00e80a9,0,,
804a94460309de23,0,,
07bc665dee8a02fd,0,,
a9ef36b609291fb5,0,,
0b6c8aeef207aef2,0,,
fb5e090710f4256e,0,,
2720dcd776af3e8c,0,,
a60b899b7ed49fd0,1,,
a2977fcac08340c6,1,,
195cf23d86f41b79,1,,
77fe950b0eb074bc,0,,
c81fa9b79cda5e07,4,,
51208a8d61431c8d,4,,
6ff5686daeb0fe93,0,,
d73aee21ed1e42c0,1,,
84dbd1e386ad5295,0,,
9741e278930143d7,1,,
37f3b0311ea5a7b6,0,,
cff491bf6ba0b80c,0,,
233d657693562f13,10,0.0,False
cf99be1c0ef9fde1,7,0.0,False
1cf84b6282aeaceb,11,0.0,False
fcd174909b79848d,1,0.0,False
bbc6333305f8b980,29,10.0,False
cf376fabd0d5b7bd,169,15.0,False
61b0de464f10ccb3,8,2.0,False
ddfeab4e09b57863,19,4.0,False
517de3d6bf8efdbd,264,93.0,False
4050ac43d1b12594,11,1.0,False
416a285b63a216e5,53,6.0,False
b1cf2c4d7bb18426,3,0.0,False
4bc2860ef613184e,1,2.0,False
119c9907a9b29ba6,6,2.0,False
ecee0a07452ba9ec,6,1.0,False
aadde60dfe247b9a,20,0.0,False
cef29b372985577f,1,,
bb79730df8ce5ea5,1,,
895764fc4b7bcb0e,0,,
c52767096f070b59,1,,
c0cee491cb092541,1,,
c5b32cbbbd119298,1,,
526b7589cc572f73,1,,
00be7adbf54e7834,1,,
b51533a83499cd53,1,,
3d6f6ff3db7285f7,1,,
d855fa0ae7dbe907,1,,
e57766af84571b82,0,,
bce5a4177733913e,1,,
905c8da928e507b0,1,,
b7041fad21b9c725,0,,
24da32e64fb2ea8e,0,,
566330e44b958314,0,,
b354148291e22e57,0,,
cdbd7d0236ef992a,0,,
3623e5ad1bc7c637,892,947.0,False
c1a52121fc27a993,578,575.0,False
7189e1650c58d158,6,0.0,False
4102ca530f1a045e,1067,1147.0,False
b7d1eae17fbbb1df,16,0.0,False
dfbaab4e0325016c,6,0.0,False
1e18cd3b88d6ece7,4,1.0,False
6eaabb7a25c93d21,7,0.0,False
ecb621fa5bc3eeaa,31,16.0,False
964097ec721e18ea,-1,4.0,False
e21d3eb9931ea2ab,58,1.0,False
054f7d8fe0a39ea1,4,1.0,False
b609617db7b98736,5,1.0,False
eadff216a25bbf9f,2,1.0,False
0d0645dce64f5de7,2,1.0,False
5d95e44033eb931e,2,1.0,False
3369b30389927e06,2,1.0,False
c3024a870b559840,2,1.0,False
44247fa6a8a7c5f7,4,1.0,False
94bf267a7314d24c,3,1.0,False
0a92edfea6c8a225,2,1.0,False
fc69efdca522e93b,2,1.0,False
baf4c6fafe9041f9,2,1.0,False
fedc55806508c73d,3,1.0,False
d966e1f7d9b91f0d,12,0.0,False
92155886a8869759,952,984.0,False
03114b6d41305138,2,0.0,False
1067306dee1f29c8,2,1.0,False
323b5f2eb7b32a08,132,3.0,False
51a9d193571f166b,10,0.0,False
73e3c54bfe12cc2b,25,2.0,False
da48fce34fa86a39,1,0.0,False
4c9f888e15702879,1,0.0,False
9c0c8acf164a187b,101,2.0,False
cb11c01ba9e9c0e4,1,0.0,False
b0cce7e10e02bb4c,9,1.0,False
887fb9d2b0dd5e14,4,3.0,False
484befcdf2831dce,27,4.0,False
85f50d549d66d26f,7,0.0,False
c00114017ca69083,1,0.0,False
663e72f1ae4230b7,185,32.0,False
fc394b84814a15ff,6,0.0,False
0f3ce01bc5129070,3,1.0,False
e6c0bf2dfb30fd9c,890,931.0,False
4061e4ae6a904bf4,6,0.0,False
0e7c9040bbeb6eb2,5,1.0,False
216c8bcf008e95c7,8,0.0,False
55c1ca91503a42da,6,1.0,False
2f426578eedbcf32,129,44.0,False
69e4adb89b764aca,957,984.0,False
e46698f35160420c,95,54.0,False
03623bac3f7b1e5a,6,5.0,False
ad04aadf9fd6c721,1223,906.0,False
ec8dee9c36b72faf,4,0.0,False
a7571838b3e43ab6,-1,2.0,False
5619e79dcc0a4f6e,886,953.0,False
bf96dc8ab6e4c668,4,0.0,False
a322a4158da5d911,35,1.0,False
92afa75d9f39b2ef,18,1.0,False
50c099f56e71f1d1,611,604.0,False
b16a9a3c2d5483b2,157,2.0,False
6e35dd03f6f87226,46,10.0,False
216b4f4eebdaedc2,956,1074.0,False
afb7dd324bc09915,14,0.0,False
61e562a3a8ccaa93,10,0.0,False
b5372671bd214d88,-1,7.0,False
384f7b6faca5b772,1008,1110.0,False
c93c89426efc47aa,5,0.0,False
64b70745882354ab,7,0.0,False
d97c200cc301c06e,460,345.0,False
1fe9cd711fa53223,-1,2.0,False
7025421eaa292c8e,5,0.0,False
2040630328cbc8a9,898,910.0,False
b43646db377ca4ab,875,952.0,False
6315dbbc039b9c0b,19,3.0,False
5fa95db244b69ec1,31,1.0,False
fe744b5d7cf59839,4,0.0,False
1ce3c83e7d035cc6,2,0.0,False
47dc4c026e0f09e7,1,0.0,False
25a192c1ba9339fc,23,0.0,False
24138bf15cb394b6,0,0.0,False
be8e1116692bc20d,0,0.0,False
eac45da6adafbf67,0,0.0,False
f530af0d6b370002,2,0.0,False
4a411c77c9b13283,841,909.0,False
bd1172819e9f6637,1,0.0,False
b974fe85c3c95007,19,1.0,False
d72f175f738ddfb2,3,0.0,False
4ed513c9d06c208a,8,0.0,False
5cffcd60447bd6f9,19,0.0,False
d57dc2af7e5a957f,18,0.0,False
72ae8956a4b84671,7,1.0,False
546fa46bd8237df1,22,0.0,False
9b0c121b019f1c01,15,3.0,False
4986268e4e58c224,4,0.0,False
c786907fef141e67,78,14.0,False
f34d17314b93c7af,887,949.0,False
0f29d8232a9e463a,2,3.0,False
f4de481443365364,0,0.0,False
1ec967aa835b4474,42,3.0,False
b7c733c5820c2d47,9,1.0,False
a90c845c4e60657e,8,4.0,False
257132665097b528,2,0.0,True
052b7380ad67743e,18,4.0,False
f7103c1c950baca2,23,1.0,False
c50ba40efa1598f8,4,0.0,False
4e7302693939b47a,6,0.0,False
504733eced5cdd13,32,3.0,False
fb4d41edf439c686,765,772.0,False
2b81f78b9139698e,6,0.0,False
c73e2178ad81e051,24,12.0,False
4ef02b1e85965957,936,1003.0,False
ae9eb7dd190cc7c5,42,1.0,False
533d2a22113e3cb7,4,0.0,False
0b2eab8c13f6657d,13,0.0,False
86e59096eb1b9ebd,13,3.0,False
4cf644c86b54f80e,8,0.0,False
488a17afe9ecc163,35,0.0,False
47f9f60acba80fab,13,3.0,False
a2f4ca18692739c8,33,0.0,False
7dec20d2152968d2,489,453.0,False
981b76c82a5b9192,121,0.0,False
bc80a7f489ade2b1,114,1.0,False
ec50da1521ebbab0,-1,24.0,False
093d3d75607c6237,71,1.0,False
f5862a0faae3a571,26,1.0,False
4f0f548cddfc7710,21,1.0,False
1f93491e29a7ef42,11,1.0,False
0644b1b6ec16e066,64,5.0,False
2e5b743d24bcae00,937,1009.0,False
69c1c83b048c67ca,0,0.0,False
40597361e8b2a158,6,0.0,False
b59e1e3fb8819ad2,275,62.0,False
c39158e9f2901862,-1,21.0,False
3d7770ef9b79da35,1,0.0,False
adcad2dfa6156794,18,4.0,False
7f8f5ac66a285347,1,0.0,False
57dad1a6ea9a1ed4,0,0.0,False
f5624a72ad4df488,823,863.0,False
a6119bc7ca960cd0,218,18.0,False
a614357371814e14,1,0.0,False
4e6c96108b0fe50c,1,0.0,False
ac1fcc23ac3a968a,795,870.0,False
207887fbd28418cd,0,0.0,False
269f109b3b4543ea,164,19.0,False
3beee2c69b779c91,2,0.0,False
c388b9e843145cb8,143,2.0,False
e95bee8e3305d7a7,1,0.0,False
903e2a1740807227,956,1057.0,False
e970cf6c98754bf7,50,7.0,False
284f649e4c4893f6,0,0.0,False
66f1cf024199c6da,1,0.0,False
e2bcbf045ce5985e,15,3.0,False
eb66de6da36060df,957,1060.0,False
099b6bc3f1b835fe,7,2.0,False
143e439e9e52064a,162,2.0,False
4ce4ccf787151ea4,8,0.0,False
5cd5cb15f1277e2f,0,0.0,False
16af699094347168,0,0.0,False
1cb75d95ecda71c3,0,0.0,False
398aee6daa7b1ae7,36,0.0,False
ca15c30b65c6689b,940,1067.0,False
50a0947736daa64b,87,13.0,False
4914af88b2ed2390,60,46.0,False
521643e49bfa470c,1,0.0,False
698066047290c206,54,3.0,False
e753434c4a0cd09f,1,0.0,False
b1d6ce580c7ed7c6,114,33.0,False
9dbc8b2e34f4de53,37,0.0,True
5b355dfdf08765cb,12,1.0,False
683059dc85c79789,1039,1115.0,False
30ab0c1c4bb7d972,0,0.0,False
67dfed9f921a4aad,3,0.0,False
9d8ae9714f4384c0,0,0.0,False
d296eba13ee1510c,901,963.0,False
845825ced10adc0a,17,1.0,False
345623ce982503f7,69,2.0,False
8dc6f48d50be2444,1,0.0,False
ba13cc872fca9350,261,4.0,False
804ee4d0bffe5245,13,0.0,False
086a2c6489e5baf2,986,1087.0,False
e795c7100b7194d7,-1,0.0,False
0eae2fadefcf7750,0,0.0,False
23b64aba5a37971d,1,0.0,False
a4dadc1860d6c8dc,1,0.0,False
7682e3eb1646ba74,1,0.0,False
64ff1ce4a863b160,5,0.0,False
2719a9053162d5ec,1,0.0,False
2d06f767fb6a833a,-1,2.0,False
54da77ef2c56024e,573,2.0,False
9eabff45b37a9a5b,31,11.0,False
22ab66590ac0a13c,6,0.0,False
05d58f2d7621cccb,-1,0.0,False
81cc3cd276970eb8,9,2.0,False
a0080aecf68c3300,51,2.0,False
cce9f447b527296e,-1,0.0,False
6b2e579e2f3a8cbe,-1,3.0,False
ffb1ca2e00c4a865,1,0.0,False
8b2357c71732658c,197,4.0,False
770e80cefe64b54a,-1,0.0,False
4eaffdd15f0dcde0,1,0.0,False
67c2c743443668f4,34,2.0,False
01ac579c83087e91,844,915.0,False
f62503413f8663ff,-1,3.0,False
75fd01fd8eb96175,36,7.0,False
3b536cd5bdab2b73,-1,17.0,False
698358929a6c3fe3,-1,4.0,False
dd5800a9b948a804,168,2.0,False
04bfcdf6bd3076a2,1,0.0,False
c3026c60dd7ed9e4,0,,
b344ba470575972a,0,,
faf7bd66ae8e3edf,0,,
7c070f8794c1602d,1,,
e0b7aeaa6ee7a467,0,,
38cee0e478bee278,0,,
234623f9e61e7a5c,3,,
a8d02a506601ac5d,6,,
49b538c4a17fdb32,1,,
4db1db6e90df04f4,1,,
8453d94d11304cee,1,,
4d827e3ed2b3bdd3,1,,
e799a3e940943bf2,2,,
04fcb2935331ae4d,2,,
40037d17df7cdbff,2,,
5e528c4c6a7092cf,2,,
70657d2be5bacf48,0,,
1502cd38d3b574c6,1,,
b5b563e0988d191a,1,,
9f815caf63edffe8,1,,
d5927464a6ffc317,1,,
3c57eabafc8ff6b3,2,,
ee3f2ad9ebcd2da3,1,,
b7a17103d5d51660,1,,
538fff98e3d70e84,0,,
c13fd0b8dd80b5e4,0,,
063b7ee7c76ea656,0,,
be7b810289352b95,1,,
f73b21f5e6f24493,1,,
bdb8ac792299a267,0,,
f9397b0459e35896,0,,
e8cab35d703e0f77,0,,
ff79985740487418,1,,
0ad536d4e7d13c6c,1,,
d7eeaff4724870e4,0,,
fe173ea893dc80d9,1,,
333e9f097ff54135,1,,
19e712e5a7c326aa,0,,
c17b05afe92fda46,0,,
abfd4e27b8cfcf87,2,,
998f3fc981d84cd4,0,,
71285e0f31c7598e,0,,
85eb34908f6b09e9,1,,
ab966cfa5a135e7f,0,,
26a54243f67166fd,0,,
a308f777230283ee,0,,
9f0937ef77831715,0,,
f91c56e927280fe5,0,,
130a0e9bdc53a721,0,,
76061b6c60140d66,0,,
0d0287dbd7ae7604,0,,
4ed7cdf5498c9dbe,0,,
636c02755e03a0b2,0,,
3f93d55472c0521f,0,,
7cedd50416d17195,0,,
d9373d6b037b454e,1,,
938b47db1c21c7a0,0,,
fe8d06309f89b95d,1,,
38db4354b95320b4,1,,
fae2de6ac1fccce5,1,,
74284396cd9f93e7,1,,
8c8a6f0401bb61e2,2,,
08e13133a56851bd,0,,
60caef035badd6f6,1,,
8c93ae773f8fce97,0,,
137e12f059bfaf1e,1,,
4ce3aa3bb3417f6e,1,,
05713b9740e590cd,1,,
bd029807795ab167,1,,
84e8a6a2259326e0,1,,
e81d34418e06d283,1,,
ff514fc9b9f4977d,1,,
931aa50980a3b8ad,1,,
9dd9880ae23ec352,1,,
889c0a570548daea,1,,
6aaaaee70d490b5d,0,,
51a3c3c12ddc831c,2,,
156c898594e349c7,1,,
5e9ddcd49c4f7399,1,,
096b9bf50f5bf25f,0,,
af23e5c05cffdd89,1,,
2e22fc6f7f8ae2a6,1,,
0ce39016841f6791,1,,
e43c55214b931c7a,0,,
e8c726ad7041da22,1,,
985d43e66b1e6ce2,1,,
6950e794e3be510c,1,,
0427d525db9cacaa,1,,
98739ab61556c454,1,,
0ed518a772e95807,2,,
2313c3ceb2c54b21,0,,
9db3e9ecf3449dcd,0,,
d1d0c5d21b788930,1,,
9dfb0b17021042c4,0,,
1ff412c4c76b9d6a,0,,
9069abca58a577d3,0,,
00ce2be264424de9,0,,
9d50e814dfc74755,0,,
477b13bccebfbcdc,0,,
d8efc05b60ae9ef2,2,,
1156462d6db28a7b,6,,
141addbf669e01f6,7,,
d3818a1f9eaaf0d6,0,,
359da8321044b75e,0,,
84a9bbc7145a827f,0,,
a2bfb62440019c52,1,,
6e44d9211758d6bb,1,,
2d648e312d025e13,1,,
941742a2174f50cd,0,,
91aab73607c8a0fd,0,,
4840f19eefb7737a,0,,
4230f5b0cf0b82bd,1,,
674a7731bee8a8ff,0,,
d4a6cfe8b35ed379,0,,
c41489052b64cfbb,0,,
9160c3b9c3b7ccbc,0,,
0a947a77bd0297a6,0,,
2f62297d48fa0c7f,0,,
50a003da4d056d66,0,,
2f0418e6c228da09,0,,
f15825548f841012,0,,
95de408837c53870,1,,
b7ff6f7b1da1be03,1,,
446cb9dbe8d4a4cb,1,,
4eed2e4dc8bf1dfe,1,,
867ed2aa0508ce15,1,,
b409bc999340f266,1,,
be8a7e0a57e626bc,0,,
c40546bc8cee7d40,0,,
6b63a74916dc8199,0,,
d34534a8967c5d02,0,,
d7a0b31ef810c3b9,0,,
657bd31f4bef30b8,0,,
44a95de94bbae421,0,,
7d17c2bfa695216a,0,,
0241cf0243a6b981,0,,
74b29b94d6c0e9bc,1,,
05a693ac31065f5e,0,,
ba395b556b43e308,0,,
e310550ab2089ecd,4,,
575c18c7663ae276,4,,
87f3d345dd404864,0,,
39be9cc2971fe6b7,0,,
7fa569a0129a6183,0,,
7822e9a89c84b141,0,,
da5227dd1da65093,0,,
9c43ce347f8b5708,1,,
bdd7be10927a7c00,1,,
ebd427b657552cd8,0,,
5a6f9584baa59c9e,1,,
1ef3990b5ca9d12f,1,,
e396b76f22adf6be,1,,
c7bd9b82156ac98c,1,,
30b3333efc27e04c,1,,
4ad4f9c55cb44b5e,1,,
4454a78fa3cdf9ee,1,,
cede47a2c703fb9c,1,,
400a04b683d91574,1,,
2b1d17358c3b0332,1,,
dbe7630535a57f27,0,,
a13edda20f4bb637,0,,
0575605c6c87bbfc,0,,
dad3d163d9e25685,0,,
da0ec3c080fac192,1,,
3b336b96748a72c4,0,,
6f2e1c9484d949ef,4,,
7a19dc0cbd58e5f5,0,,
99367856ed7ba841,0,,
38449fe7fa4e52eb,0,,
1d17efa793242b0b,1,,
f8723cb38ff0b0e0,1,,
ffb52208333572fc,1,,
34e57bfbd6bdb0ac,1,,
3606e2aab8d9adc3,12,2.0,False
f0199186704a950a,2,0.0,False
58a17517260be986,2,2.0,False
4437ce00bb8d29c8,5,0.0,False
5ee0720214089fec,34,0.0,False
e83ec81ad80275f7,38,2.0,False
6fd33209f7d9d87b,33,2.0,False
21ed78519866b93d,11,0.0,False
db9dffd8fb6a06f5,8,0.0,False
08cc07622d49af8e,18,2.0,False
8b98df761a386468,1,,
2a487d009f70ec47,-1,4.0,False
92d748c7231a8e49,1,0.0,False
527cfe5b0ee7faf3,10,3.0,False
e5a483320da34ffe,37,3.0,False
718d57b4cea348c2,6,0.0,False
59a0780e110b86d2,3,0.0,False
775b6abe1d4ceef7,1,1.0,False
269fc098127ba802,62,58.0,False
e504578fb8c03c78,40,2.0,False
06fca0f2496c1764,7,1.0,False
4484e51eeb9f357d,8,0.0,False
b6bf3b2fbb000a17,26,0.0,False
645a1b7975fb669b,6,2.0,False
f31b7658ade825c2,52,6.0,False
def7a41d1e2c4efa,38,10.0,False
1cfd9221da3493fe,-1,4.0,False
61f8063b24e504b7,2,0.0,False
8d247ff1659d8982,7,0.0,False
32886f8e94820390,6,0.0,False
4811eace24a67c37,130,2.0,False
d4727a3b56d6cae2,15,2.0,False
390f80c908f49bb9,71,2.0,False
45c35a0208456ccd,-1,4.0,False
39b68c2fe30552b9,24,1.0,False
fc452f1ec580960a,4,0.0,False
929f56796b22805f,2445,24.0,False
f639f6b0b7096f46,1,,
9f79b20dc416fbc2,1,,
98bd7d56736b147b,1,,
e02e1759a27c6b4a,1,,
c09afc4fec89eb91,1,,
c8b6fe7f438f5921,1,,
34dc0f78d681b3ed,0,,
9da52bf7c7c34acd,0,,
3ca4cf6ce5e99a33,0,,
3b808d29378f709a,0,,
60f85a8596189eaa,2,,
6c13621316830053,2,,
70abee70be0ebe66,2,,
c64667c5bc76fbc4,2,,
a0d78381dc0f4a16,1,,
2f75b97c9718486d,0,,
696d6e32360b161d,0,,
c64b5f8b309694fd,-1,1.0,False
36ec99e757e89911,53,2.0,False
87359e36fe6692aa,1,0.0,False
5b3cc2a00939a12a,-1,0.0,False
1f73bc1d2ba6a752,-1,0.0,False
cec59c36f441badb,8,2.0,False
464f2a2a3306385f,66,6.0,False
184e129385375892,186,33.0,False
1239130aa8d6106b,-1,0.0,False
7f6ddb7e2aff717f,38,2.0,False
77a646faf38281be,36,2.0,False
ddce476efbd8ab6f,37,2.0,False
200e1f5b7ace3ca4,12,0.0,False
6f0894590ac876be,76,0.0,False
c1a4b419e4e093e4,-1,0.0,False
fedafd15aa553828,38,3.0,False
db6efc87b63d74f6,26,1.0,False
77d962c3e7fa7496,22,1.0,False
2f9e6ab9a6b6df82,-1,2.0,False
7eff139e1bd9abdc,11,0.0,False
a7d5431ea713cab8,823,743.0,False
159c3e381148544f,47,8.0,False
d67ae67ccdca47e2,1509,762.0,False
89e54b25ee53fd8b,6631,100.0,False
c9d3716be02b04fa,50,0.0,False
020412c0e680177e,209,7.0,False
4fc254b8c8a2f3cb,885,823.0,False
d1e018e5524c63f2,47,0.0,False
086e9a2b3ce916a3,3,0.0,False
ebf124ac4d1dccf7,937,870.0,False
f786469dea46a02d,2,0.0,False
61810c5607889fdb,20,6.0,False
857911bf0a292f7d,295,4.0,False
c15efb94c732fe25,0,0.0,False
5fdf41e3827f5054,1,0.0,False
f188a8dda5b1bc01,175,4.0,False
901b9309baa5d1da,212,4.0,False
0b15ee19e3d8769a,168,3.0,False
d4f6354367dd9b64,16,8.0,False
81943db98ed8db93,93,2.0,False
8bc1c3cd31a85752,168,3.0,False
40047b79691a590f,3,0.0,False
906b0f56e3d0dfda,547,455.0,False
37e4234229360008,165,2.0,False
810791172d1a078d,13,0.0,False
d79f6b9de8cb4747,146,2.0,False
da05bd62c1da9c9b,-1,0.0,False
5511212c38528a51,588,508.0,False
ecd3f69f0de01902,203,2.0,False
c0bf8a9d6d63c926,268,4.0,False
7706fdaffaa87718,58,3.0,False
ff032f2e9e40c97f,160,14.0,False
5d75fffcf167fd89,8,0.0,False
05e975f914d181de,12,2.0,False
e17c35a134362e49,14,0.0,False
0c6d1cd017f0858f,108,4.0,False
5010bd2c2de1f2e7,119,4.0,False
220cf867dee1b697,13,2.0,False
b14bc4a42feba115,6,0.0,False
e872d3ec2e6ff68e,36,3.0,False
1e1cadb509931aa7,0,,
157322358147d698,1,,
2c9083249f2d2f61,1,,
218a14be31037bc8,1,,
7c28e8a191e9e8e6,1,,
191b1022b1be4c63,0,,
c97910b1751f1a9a,1,,
f84eb5ded92661eb,2,,
baa868c4134616ba,1,,
67ff30ff9dd084f4,1,,
bd9805a55994e058,1,,
80b528341a2210a9,0,,
ca4b5c72fd634815,1,,
c3ab6234b072f6fa,1,,
3ab682a4f2215bf6,1,,
4e8af17d49247ad6,1,,
7256a98d82ab4529,2,,
2258a297343695e8,1,,
db120482ea181161,0,,
6c04afe3f6e1ba7f,0,,
dab91471578cd3de,0,,
77e3214183ffd341,1,,
f00a1df45f3b367e,0,,
54c8fca6493cb0d8,0,,
f1ca5b50dee989fe,1,,
0f82e3e1d83187ac,1,,
824167667d1f4f56,1,,
568955ce26fefca0,1,,
d80c7aff383086e4,0,,
9a8202b6f30636db,1,,
f0f6ecec9c7099dd,1,,
e2f6ace48fdeda67,1,,
77dab1d728f673a2,1,,
6da4a9338a1ff217,1,,
68692360ee1f9500,1,,
b7691a755767cc9b,1,,
cc0856da9f29d90c,1,,
f8e58d8189d4077b,0,,
4da7c0121ef75062,0,,
4ea4a6bdc65ed072,0,,
ef2ff04daf0fd2dc,1,,
c8ac0807d5a11cbc,1,,
6ef7d076fe676499,1,,
fc9037cb010548fc,1,,
77ae900c556acd2a,0,,
d0c61b42abc0766b,0,,
8bdf9ccdd3c237ea,0,,
2a2e5cda24edd68a,0,,
7782179fef6f4407,0,,
9ca3bde140559b00,0,,
4c4d266792305d71,0,,
1666e1c3fc0e7dc7,0,,
964356a84cb37342,0,,
2674311d467e75ec,0,,
695fa1542cd90549,9,0.0,False
45c8b570c269ba47,22,0.0,False
d490cf9cc313504d,-1,6.0,False
e40f3547d6e88174,47,9.0,False
bccf908d2b42b0b8,16,1.0,False
f07a30ba43695bb3,7,2.0,False
b9c18d2990b60d77,14,0.0,False
c3548d7d067d891b,471,30.0,False
ae4038a5e6cf43d0,562,12.0,False
5a44a8a18682545f,-1,3.0,False
69fad0b0817acfc6,12,0.0,False
29b8030de64eb90b,204,5.0,False
71b9b1d944e9838a,-1,0.0,False
321bfffa5e9ec739,-1,4.0,False
4af81ff776e9d3e9,34,6.0,False
20307264a0383971,507,57.0,False
546a6b785fae49dd,49,10.0,False
04b9b5a41811767d,79,1.0,False
bd0654505983ac46,1390,10.0,False
9d9e0ac7563d8405,5,0.0,False
fd146c93d52d94d9,17,7.0,False
651aa917e9d4cf30,45,1.0,False
d8670e3f96f9bb77,7,0.0,False
b469a289339b87ca,-1,0.0,False
ae471e5d57503d2d,-1,16.0,False
02bfd3308993c642,44,5.0,False
a88c8a90768af307,6,2.0,False
e9b5ab679c935908,-1,3.0,False
bd635b9487a33875,118,17.0,False
9cf230217d4641c5,34,4.0,False
f560cc3f5bf2bcd1,20,0.0,False
2c22134c19c87788,-1,1.0,False
8ba842239eb98479,-1,23.0,False
c9c972d3b6f6ad8f,108,0.0,False
6313e13581a8bf3b,26,1.0,False
f630d72f626469ab,23,0.0,False
e3c73fb3fcafca4a,31,2.0,False
43d110ac9823151c,26,5.0,False
6adda96aa372c554,20,2.0,False
8ea09c1d3b63f1a6,29,4.0,False
b1d48bd59e6ee541,15,0.0,False
1c5671e8a9a91c23,18,0.0,False
efd01306922e30c4,25,2.0,False
85a7c5ce512b401b,7,0.0,False
72f2c1161d945e42,25,1.0,False
b2eac9ecec8cdba5,24,2.0,False
51b2eb804c976655,28,1.0,False
09c21a6e6eaa2d38,27,2.0,False
b8c2fd012709a031,33,2.0,False
e59afd1ed8f561d4,12,0.0,False
bff0a479d432e386,29,3.0,False
448366a5e4d2be99,23,1.0,False
d0ecad53b9e4616b,20,1.0,False
e15811c51fc56d61,26,3.0,False
e66ad15803d27dbc,27,0.0,False
02e6525355c6f71a,23,1.0,False
aee0ca4f595c38be,26,0.0,False
961beeb0ab4054a8,30,2.0,False
19bebd350ee94234,24,3.0,False
266834a1b378c033,55,2.0,False
ac3dda6dcca14ad4,34,3.0,False
a636e776609e7869,37,2.0,False
a141a58d3577b92a,4,2.0,False
e9a658014e3f6ca4,69,13.0,False
5981d0bbaef8bb09,1350,10.0,False
d4d3a41f94aa7fe1,2,0.0,False
d62ef47361cbfd94,0,0.0,False
0d87fdc92c089474,-1,2.0,False
7477f8f4743592b1,-1,0.0,False
f3b270789ca11492,106,10.0,False
0016f599b292dbf4,248,30.0,False
b646bc62381570ea,43,16.0,False
4bb4aeb7d997389e,18,0.0,False
0d79fefc9791a65b,94,2.0,False
0b2508a5080635b0,102,4.0,False
ed80491065f8134e,106,2.0,False
96e248e8f8484b36,12,7.0,False
cd100897476049a9,22,0.0,False
4831c0134b8ce7db,4,0.0,False
536f4b5f7fb26e50,17,0.0,False
daab818bdeef761b,47,7.0,False
e0dafed2186c28e3,47,9.0,False
46b3f2100fd577e0,329,2.0,False
401bd166a963718e,39,2.0,False
972dde5cb7b0426d,145,30.0,False
bbcc8dad797045b8,11,0.0,False
fc648a46460016d8,-1,9.0,False
5ced612715792e97,0,,
ca89588ca2557249,0,,
8eca9ee8ff61a178,0,,
6449a96ed16f9ffe,0,,
9754d14a44ada2ef,0,,
f4aa43ca70f92037,0,,
20403cabddb4ee46,1,,
dec895362465d434,1,,
fec2c6bce33a7836,1,,
cafa82f4410155b4,1,,
b76ae45549718a4b,1,,
1f1577d6bc0050bd,1,,
4583a7be1d7bf5d9,0,,
e9c126f8b082b708,0,,
002f664971f2daee,0,,
4b87651bce624098,1,,
0a273d0a95bb03ea,0,,
361e55094926cd17,0,,
a51f4a7908cae05f,0,,
89f4a0643a0daf3d,0,,
f8771652a7bd8f26,0,,
3315a1d1f63c2649,0,,
fc095f63a110b819,0,,
914882aaf89dcadb,0,,
16cff73282b79ce1,0,,
b83258e84314128b,0,,
b78443b6e700af20,0,,
0853175da1955348,0,,
8ebe488a05b276cc,0,,
03db518b486b23d0,0,,
f70da1ba27347039,0,,
c7ecf78e3f6f5a4d,0,,
ed9fa38be9aeceec,0,,
4d458f6ce5dbe948,1,,
44b21c3cb24fc6b7,1,,
e07b6ada3eab0ae0,1,,
cead4efda04f8450,1,,
7f261cf290cd6dc8,1,,
11fae399aaa7df01,1,,
adc99dc85183264a,1,,
5a8254cd3a4b9599,0,,
afa18ba36287b829,1,,
4dee5b6a88bcecd1,0,,
4c1cbfa3d931e25a,0,,
7c56db3e25a964f0,0,,
bb2ccd24375cbe6a,0,,
35815ff372c1f1bc,0,,
9d44746c959db1b8,0,,
f53f20187ed05aba,0,,
0e6226271ac7fc72,0,,
a0369a988f75440c,0,,
f26719059068fbef,0,,
f32e0e8b6b8c3a7a,0,,
b9043bb90fccc5de,0,,
8e0b2810afd125d0,0,,
bf40761e61dd78e5,0,,
d128694d2a895999,0,,
64adcf6f55d85942,0,,
674b3b60bea4f22b,0,,
fb36e4c65754ff4e,0,,
ae93bb8e54ae629f,0,,
4ed686023fe0abd2,0,,
ee3b27eb828c917d,0,,
18c3709170e6024b,2,,
f1a78977e9532ee6,2,,
3015350f84df2473,2,,
72438bed372152c9,2,,
044a5a3a7bfca921,0,,
43af03b6007540f3,0,,
f03ae88d0aa041a8,0,,
0b597e46bd8f27c8,0,,
f11558b74cd38c75,0,,
f56b2b7de080ab6c,0,,
32ac6e7afe79aa07,0,,
dcbfbd8b1df178c7,0,,
3f09e92bf29398eb,0,,
e8616084d8235ab2,1,,
61bf9bfd2aecd264,5,,
0b559bbc28b3a5d0,1,,
4adede0721e85b0c,0,,
90b3281581581cdc,1,,
58984f5a6f28f919,1,,
7ce8108d176ba272,1,,
2d7de2cccee281c3,1,,
f9fbc17b64d5e7d1,1,,
332461f94c7d3f78,0,,
7eb704d70273e077,0,,
0afe77051f34fef9,0,,
a3e4b101dfc62e90,0,,
4bc0df52578c7e3b,0,,
bbf7eb12133e8002,0,,
a80ba4f6f5d5f453,0,,
dc9913aecfd9bad2,0,,
9e9559db9692bece,0,,
78bcceb473d65a72,0,,
8813580d36ad4985,0,,
815b320df43915ed,1,,
2b819a396e6d09c7,1,,
94eb78988936c4c9,0,,
ded2462e48e1f91d,0,,
78c9a829ee0b848c,0,,
5942e5dfb31dc515,1,,
1d738af4f6900398,1,,
8cece339145a5b11,1,,
428fbfb80ae4ad3b,1,,
a4827819fb21b9c6,1,,
1d7f9e61885cc119,1,,
29958d6b991b2ab9,0,,
d8d0869c73cefd73,0,,
ba35b4d3d757e454,1,,
d7bb565b1320118e,0,,
c9a9f37db6787f60,0,,
e7a50778225174ce,0,,
0cf185ff88ecf4f7,4,1.0,False
83f09103d549fb71,149,20.0,False
6acd6b9db0c39f5d,4,1.0,False
4379b68df6ab15f7,2,0.0,False
56500a38047b5409,-1,2.0,False
036e6adcc8cd7109,35,0.0,False
f1e96160309e5304,3,0.0,False
b1126880bc0ef750,4,0.0,False
82a56ef4ec3b2f4e,3,0.0,False
6963d65a5b32b0ef,0,0.0,False
8597e5e4300afdd6,59,3.0,False
6559bf4da20e4b63,6,1.0,False
49a94e59d5b6484f,87,9.0,False
8ca69822899f1f42,2,2.0,False
9db773a6f0138c4e,8,3.0,False
e9a10f38474070ab,7,3.0,False
50f840bc96b45348,4123,33.0,False
7454bbb74f8bf338,5,0.0,False
e56c41d7a4e441ba,484,6.0,False
7047eb2aa9809678,181,0.0,False
89dcd50f260327aa,374,2.0,False
8be63655f9023631,184,4.0,False
22153930172456c4,192,3.0,False
abf398c2d0003768,2,0.0,False
f6b3222031bd40bf,190,3.0,False
d57c5ddb42535036,592,515.0,False
de2947c5a510253e,224,4.0,False
9eaa755fa8e25268,186,3.0,False
623432c90c82ef5c,194,3.0,False
d77deae673ed4a46,222,4.0,False
06de15f26ef99919,195,5.0,False
fc4d0688e7b3231d,222,3.0,False
73c9fa90dd55acd7,268,4.0,False
582b5f83ee4de1a7,276,5.0,False
8c8c8bf567eb3856,-1,10.0,False
690a9f4c09ebe58b,178,4.0,False
f11a3b1834e8b57b,333,143.0,False
ea25f13b999cdcd3,-1,2.0,False
22cfc696c6db8884,537,430.0,False
656c34ce74ba4527,118,3.0,False
5bdb2267743e6f62,88,4.0,False
fa6252c5f0104b0d,-1,0.0,False
94f381aa383be754,-1,3.0,False
c7dcc2458fb8b3d6,9,2.0,False
fa626a051ec37cf7,345,250.0,False
7306c1f6eb73407b,181,3.0,False
3474bf0554bebae4,174,3.0,False
a955c87f176d5fc7,85,54.0,False
0ed82fbc6ca2ccde,5,0.0,False
bb7c6678c21764b2,107,2.0,False
c1184c9abb249364,87,2.0,False
a019babed8f5364e,-1,4.0,False
6d501a96291c7b71,133,2.0,False
6da4fe42996974f2,112,2.0,False
4f6be8c8dd0f1a95,120,3.0,False
5e6b1e4930ff2250,38,3.0,False
4fd22bd91e8e7a7f,76,0.0,False
d368f5a8bf24ac05,68,5.0,False
a6e4b1b9ca0d71ba,1,,
95c7e76ba6f68025,0,,
9c81731183e22335,1,,
11c785b849220cc6,1,,
3dc53e772b856f88,1,,
be286614b46eda4c,1,,
4f0ad989b774e8ba,1,,
a6013ffd074f5580,1,,
ea1e0272262ed569,1,,
aebd2c5fdc541f83,1,,
06afec54f5b3a4e5,1,,
4e33d1328bf91b9b,1,,
d34b3b92bd531657,1,,
d5552ed81efabb2b,1,,
c00218e3619f9ab0,1,,
e785bcc3b292722b,1,,
10f185fc1c7f97df,0,,
1e92992a8a62ce95,1,,
31548425a45c5b53,1,,
89322e3d7d743e68,1,,
f957fc26a0424a38,1,,
10037e86afb6d8d0,1,,
62d11ae4de7f7f62,0,,
3ea1ae6590bd5b0a,0,,
69dd943afd4616b6,0,,
42af6e535ab05c65,0,,
56daf04e7c5d6699,2,,
15b72efa238b6cbf,0,,
ae6417f914edfe3f,0,,
926c9c3dd7683282,1,,
5b95554333da71a5,0,,
a2c3a2989684428b,0,,
67b210aa2ba5e7e5,0,,
1b27e2afad17d12f,2,,
d4c0c47fa98b1c2a,0,,
0f209dfbc506c035,0,,
7848f7da53ba144e,0,,
51b86aa011d42bf1,1,,
0a76689d5244a361,1,,
93a7cb2ac30219e5,1,,
108158d1cd24e9a4,1,,
a6a250cf4e659bdd,1,,
f53e5d4b07f354ae,1,,
7f83259d600a493b,1,,
90bd138d9c0ab9cc,1,,
8d16bb9d45cd6494,1,,
45a30582136ca6f6,1,,
6cd52df01851c426,1,,
6095e1e4ac3937bc,2,,
5a58336b293d17c8,4,0.0,False
c0a036098db40cda,11,0.0,False
a5b0e6ec02b9034c,205,36.0,False
492efe6522070a80,55,1.0,False
d6fe356d39bd2063,0,,
f907d4e6ea4d48e8,0,,
454224f2a51de9e0,0,,
ad7cec4eed9b6823,0,,
0f11a161eb67266e,0,,
a375fc30b4d1bfc7,0,,
4ecdbccea974a237,0,,
ffb59f14fc8f873c,0,,
c5b0c077ed221460,0,,
dd0a3106b6ab711c,0,,
6306a93173576809,0,0,False
6a076eab358d5be3,20,0.0,False
38b378e1f1124909,18,2.0,False
ec0e0001a5d36e41,9,1.0,False
43c1aa392072339c,-1,0.0,False
e4137f7c891c78b2,0,1.0,False
3fc315d8701ee056,28,5.0,False
96df59060d4ae578,54,13.0,False
f728f67593593a7a,73,13.0,False
36f67f8a3b2e1033,1,0.0,False
d1c4d4596e1e6410,-1,0.0,False
0ca1f84a7476c4fe,20,0.0,False
37a5688ba17c31c5,30,2.0,False
0c170d7d5c74aaf9,1342,22.0,False
f4d19ca8e85743c4,49,27.0,False
6413e46ca5ed15c6,33,3.0,False
1e6872c93628a774,12,2.0,False
0ee6897b71799e32,-1,2.0,False
e9ab6c79f123e2a0,22,2.0,False
3a6ad098ac9f216c,48,8.0,False
47433ddbeff52ae5,10,0.0,False
ff1c8ca15d60f7eb,56,0.0,False
baff90a348014932,46,4.0,False
9c064b194564f250,37,6.0,False
fe84c9e87b277e9a,197,8.0,False
fd7af9b1621f779f,-1,4.0,False
44f422da1ba9ca87,-1,3.0,False
742de2686387472f,-1,3.0,False
b736661fa7a986cd,-1,3.0,False
6bdeb7ab5773ff89,-1,10.0,False
3695785f3fb04af7,109,5.0,False
b9fa094fd572de66,35,2.0,False
ae7f9f7454d95861,42,4.0,False
ce6c815b7b59d653,43,2.0,False
5ef19d9bc6b226d1,55,27.0,False
3a23c6f0392309ce,21,0.0,False
08d1dd382ec4f9a4,36,2.0,False
2c8d5cdd07ac5bd4,31,2.0,False
61498f3f3294728f,0,,
6bb9545d186fa554,0,,
a699b43c7f2a4b28,0,,
9f3cefcb30b0a9e3,0,,
c000237c8c3377d6,0,,
c85476198f1f74e4,0,,
48a24b594c9db0be,0,,
2bb4f8c10e1d1c38,1,,
838a0fdc61a67be3,0,,
bd9ce773478181bf,0,,
6372a2414291d168,0,,
8e2c8bd0895b4de2,0,,
9db5f6a9f3c01826,0,,
450be2d1a3409542,0,,
0cf45119e711b0a2,1,,
4974db99c6e5b38e,1,,
e64b3e7f1437efc6,0,,
9ece86c1bfe05629,0,,
7120f9e28c6f48cd,0,,
8786ba3e2779a4e4,0,,
82d0b1dd8be17ec5,0,,
76e45dc63c425c3f,0,,
0a06f88e024557f1,0,,
4705b886f43af1eb,1,,
5c0bd0bc46f3a0a4,1,,
2d8ff4bdb4d929b8,0,,
3d818392efeb8491,0,,
8ca2509128e1ef2e,0,,
2354e876125bad79,0,,
6115f341316bc9e1,0,,
4dca80778b7ccd6b,0,,
94cb29154325438d,0,,
24dbcea132923a38,0,,
ead85f79271bac50,0,,
3cd2491b870a3b6d,0,,
89b641f5b664a242,1,,
b388fe92b0af5733,1,,
b0cc6caeab7df8bf,1,,
e8e7a5e8d14d67c4,0,,
e3609b62cee5a16e,1,,
