세트,군집,문서수,비중(%),대표 키워드,H2 비율,H3 비율,H4 비율,H5 비율,H5-a 비율,H6 비율,A2 비율,H7 비율,R1 비율,S1 비율,S4 비율,가설 후보(≥25%)
전체(게시물+댓글),9,372,47.9,"알다, 사진, 아니다, 가다, 사용, 보고, 먹다, 간식, 해보다, 모습",0.03,0.08,0.01,0.06,0.0,0.0,0.0,0.04,0.08,0.1,0.05,
전체(게시물+댓글),4,83,10.7,"좋다, 넘다, 화질, 소식, 보이다, 바라다, 가득하다, 자동, 바꾸다, 응원",0.01,0.06,0.0,0.07,0.0,0.0,0.0,0.11,0.04,0.06,0.0,
전체(게시물+댓글),1,75,9.7,"자다, 혼자, 모습, 귀엽다, 서도, 얌전하다, 쳐다보다, 마루, 놀다, 이쁘다",0.08,0.13,0.01,0.0,0.0,0.01,0.0,0.04,0.01,0.25,0.05,S1 돌봄공백(25%)
전체(게시물+댓글),2,55,7.1,"귀엽다, 넘다, 마루, 아니다, 망콩, 찾다, 끄다, 눕다, 대견하다, 꼬미",0.0,0.0,0.0,0.0,0.0,0.0,0.0,0.0,0.02,0.0,0.04,
전체(게시물+댓글),8,48,6.2,"혼자, 사랑, 이제, 연습, 두발, 오빠, 받다, 국내, 기쁨, 반려동물",0.1,0.17,0.0,0.0,0.0,0.0,0.0,0.06,0.19,0.56,0.0,S1 돌봄공백(56%)
전체(게시물+댓글),3,46,5.9,"구름, 친구, 놀다, 하자, 귀요미, 안뇽, 자주, 사랑스럽다, 안녕, 생일",0.0,0.02,0.04,0.0,0.0,0.0,0.0,0.02,0.02,0.04,0.11,
전체(게시물+댓글),0,35,4.5,"엄마, 가다, 혼자, 지켜보다, 불다, 출근, 아빠, 대다, 자다, 동안",0.06,0.11,0.06,0.06,0.0,0.0,0.0,0.03,0.03,0.23,0.09,
전체(게시물+댓글),6,26,3.3,"분리, 불안, 생기다, 부럽다, 주인, 혼자, 설치, 자다, 티비, 은동",0.88,0.96,0.08,0.0,0.0,0.0,0.0,0.0,0.0,0.15,0.12,H2 문제행동(88%) / H3 불안·죄책감(96%)
전체(게시물+댓글),7,20,2.6,"백설, 표정, 뭔가, 언니, 예쁘다, 모르다, 토리, 대박, 쳐다보다, 자연",0.1,0.15,0.0,0.0,0.0,0.0,0.0,0.1,0.0,0.05,0.2,
전체(게시물+댓글),5,17,2.2,"대란, 살다, 로봇, 든든하다, 일상, 행복, 친구, 휴식, 편안하다, 사랑",0.0,0.0,0.0,0.0,0.0,0.0,0.0,0.0,0.0,0.0,0.0,
