세트,군집,source,feed_type,url,target,emotions,본문
전체(게시물+댓글),0,instagram,comment,https://www.instagram.com/p/DN7sPVlEkzY/#c17886474678222493,,,엄마 목소리가 들려서!!❤️❤️엄마 최고야😍
전체(게시물+댓글),0,instagram,post,https://www.instagram.com/p/DX8kHLnk09Z/,,,🩵엄마 출근할동안 혼자 잘 놀아유 🩵 #강아지홈캠 #엄마가지켜보고있다😎
전체(게시물+댓글),0,instagram,comment,https://www.instagram.com/p/DXHWdX1AWDc/#c18091147556335548,,,엄마가 날 지켜보고 있다고 생각하게찌만.. 내가 지켜보고 이땨 👀
전체(게시물+댓글),1,instagram,comment,https://www.instagram.com/p/DZFJ7v9EkmK/#c18114296077655400,,,윤서도 코비처럼 잘 잤으면 🥲
전체(게시물+댓글),1,instagram,post,https://www.instagram.com/p/DW1s5OjGOg-/,,,홈캠 속 구름이 … 잔다 … 계속 잔다 …
전체(게시물+댓글),1,instagram,post,https://www.instagram.com/p/DQ_iqr6E1tP/,,,캠으로 본 감쟈 집에 혼자서도 잘 있는 착한감쟈🥔 #말티푸 #강아지 #강아지홈캠
전체(게시물+댓글),2,instagram,comment,https://www.instagram.com/p/DWinpw-EcjJ/#c18098844071479555,,,앜ㅋㅋㅋ 너무 귀엽고 웃기고 귀엽다 🤣🤣🤣
전체(게시물+댓글),2,instagram,comment,https://www.instagram.com/p/DLCoWuyyyMB/#c18074518771932808,dog,귀여워,안닼ㅋㅋ이건 아는 거다!!ㅋㅋㅋ너무 귀여워😆🐾🐾
전체(게시물+댓글),2,instagram,comment,https://www.instagram.com/p/Daq4gzFEuxU/#c17932231449347501,,,마루 왜케 귀엽게 생겼닝 나랑 같은과같은뎅 🤭💕
전체(게시물+댓글),3,instagram,comment,https://www.instagram.com/p/DZ1W1uZxh_4/#c17952864606189183,,,귀요미🤍🤎🐶 콩이 ♡구름아 안뇽 반가워 제니놀러왔쏘 🐾🐾우리친구하자 💗💗💗😘🫶
전체(게시물+댓글),3,instagram,comment,https://www.instagram.com/p/C7Szs6YJBEa/#c18027299873293038,,,앙농 이쁘니 친구!! 소주랑 친구하자개❤️❤️
전체(게시물+댓글),3,instagram,comment,https://www.instagram.com/p/DZz7xG7GTBM/#c18127077421775406,,,오모오모 콩이 구름이 왜케 귀엽고 사랑스러워?!😍😘🥹
전체(게시물+댓글),4,instagram,comment,https://www.instagram.com/p/DIgGRZ-TAO4/#c17955213635936196,,,홈캠 필요했었는데 요고 넘 좋네요❤️❤️
전체(게시물+댓글),4,instagram,comment,https://www.instagram.com/p/C1a9l8UvWGQ/#c17849360295096145,,,펫쭈 자동급식기 넘 좋네요
전체(게시물+댓글),4,instagram,comment,https://www.instagram.com/p/Dd0bFwrkUQU/#c18094476260646729,,,저희 집이랑 같아요! 사용해보니 편하구 넘넘 좋더라구요!!👏
전체(게시물+댓글),5,instagram,comment,https://www.instagram.com/p/Da1yVwTgRd9/#c18122291068723734,,,"나에게 로봇과 사는 시대란, 윤택한 삶이다"
전체(게시물+댓글),5,instagram,comment,https://www.instagram.com/p/Da1yVwTgRd9/#c17998101419994817,,,"나에게 로봇과 사는 시대란, 든든한 베프다 ❤️😍"
전체(게시물+댓글),5,instagram,comment,https://www.instagram.com/p/Da1yQwDAVly/#c18115325938922343,,,"나에게 로봇과 사는 시대란, 든든함이다😀"
전체(게시물+댓글),6,instagram,comment,https://www.instagram.com/p/C7Szs6YJBEa/#c18113353870344855,other,불안,호빵이 분리불안 업꾸나!!!! 저도 한 분리불안 해여 .. 애기보다 더 ..
전체(게시물+댓글),6,instagram,comment,https://www.instagram.com/p/C9uLWY1zu3y/#c17866591803166235,other,불안,분리불안이 없어서 정말 부럽😂
전체(게시물+댓글),6,instagram,comment,https://www.instagram.com/p/Db9xwpTGXVt/#c18111703450798337,other,불안,분리불안없어서 부러워요
전체(게시물+댓글),7,instagram,comment,https://www.instagram.com/p/C45k2TTpmCt/#c17990583101427800,,,백설이는 뭔가 표정이 흐뭇한 표정😍😍😍😍
전체(게시물+댓글),7,instagram,comment,https://www.instagram.com/p/C5FSNcPJ_GQ/#c17896934276977632,,,백설아 뭔가 잘못보냈다 나랑바꾸자😍
전체(게시물+댓글),7,instagram,comment,https://www.instagram.com/p/C5aPPoLLxJl/#c18041327656742316,,,갈수록 예뻐지는 백설이🤍🤍
전체(게시물+댓글),8,instagram,comment,https://www.instagram.com/p/CyisjDVRyRR/#c18008658115989400,,,앜~~ 사랑아~ 이제까지 밤 🌃 마다 혼자 연습한거야😂😂😂😂😂
전체(게시물+댓글),8,instagram,comment,https://www.instagram.com/p/CyisjDVRyRR/#c17973931907452282,,,악🤣🤣 사랑아❤️ 이제 곧 두발로 걷기 마스터 하겠는걸😜😝
전체(게시물+댓글),8,instagram,comment,https://www.instagram.com/p/CyisjDVRyRR/#c17997847922500372,dog,귀여워,헉 사랑이 짱인데 ?! 혼자 걸음마 연습하는고야 ? 귀여워💕
전체(게시물+댓글),9,instagram,post,https://www.instagram.com/p/C7nrEiRpAZO/,dog,걱정|안심,"이 포스팅은 BESPOKE AI 스팀 소개 목적으로 삼성전자로부터 제품을 지원 받아 작성되었습니다.  가끔씩 반려견 시루를 집에 혼자 두고 외출할 일이 있는데, 혼자서 잘 지내는 건가 궁금하기도 하고, 걱정도 되고 하거든요?! 그런데 비스포크 AI 스팀 로봇청소기는 펫 케어 기능이 있지 뭐예요?!!!   외출을 가정하고, 스마트싱스 앱에서, 우리 집 모니터링 – 반려동물 찾기를 하면 실시간으로 비스포크 AI 스팀에 장착된 카메라로 반려견을 찾아줍니다.  너무 신기했어요! ㅎㅎㅎ 집안 곳곳을 돌아다니면서 반려견을 탐지하고 찾으면 알림 메시지도 보내준답니다. (고양이도 인식할 수 있대요!) 짖음을 감지해서 짖음 횟수도 기록해 주네요! 그리고 혼자 있는 반려견을 위해서 정서적으로 안정되고 심심하지 않게 음악과 영"
전체(게시물+댓글),9,instagram,post,https://www.instagram.com/p/DIgGRZ-TAO4/,security,안심,"#제품제공   아이키우는집 , 그리고 반려동물을 키우는집에 필수로 있는 홈캠 ! 저는 아이오트 홈카메라 pro 를 선택했어요.  요 귀여운 홈 카메라 친구는 베이비캠, 펫캠, 홈캠으로 최고더라구요.  저희집은 또 애만 있는 집이 아니라 애개육아를 함께 하고있는 집이라서 아이뿐만 아니라 땅콩이를 살펴보는 용도로도 사용하고 있는데 너무 편하고 안심되더라구요!   360도 회전으로 보다 좀 더 꼼꼼하게 살펴볼 수 있고, 집이 역광으로 어둡다 싶으면 역광보정모드로 밝게도 해주더라구요! (영상참조🤍) 움직임,소리 추적 기능도 있어서 바쁘게 알려준답니다!   저희집에 곧 신생아 친구가 태어나는데 홈캠을 들여야하나 고민 많이 했는데 직접 사용해보니, 아 홈캠을 쓰는 이유가 있었구나.. 하고 느꼈답니다!  있으니까 너무 "
전체(게시물+댓글),9,instagram,post,https://www.instagram.com/p/DR1m3H3kVyB/,,,"🎉 캠봇 기능 가이드북 OPEN! – 숨겨진 꿀팁 대방출 🎉  “이 기능 뭐지?” “이거 원래 되는 거였어?”  캠봇을 쓰다 보면 한 번쯤 이런 순간 있잖아요. 이미 쓰고 계신 분들도, 이제 막 사용하시는 분들도 생각보다 모르는 기능이 꽤 많더라구요.  캠봇은 단순 홈 카메라로 보기엔 너무 아까운 제품이에요. 겉으로는 심플해 보여도, 알고 보면 훨씬 똑똑하게 쓸 수 있는 기능들이 많거든요.  그래서 준비했습니다!👩‍🏫  그동안 놓치고 지나갔던 숨은 기능부터, 알고 쓰면 하루가 편해지는 제대로 된 활용법까지!!  캠봇 기능 가이드북에서 하나씩 천천히 알려드릴게요😉  먼저 이번 첫 번째 편에서는, 캠봇 사용자라면 꼭 알고 있어야 하는 “필수 기능 BEST 5”에 대해 정리해 봤어요🎯  [💫캠봇 200% 활용 T"
