url_hash,문장,감정,규칙 target,promo_suspect,human_target,human_is_promo
f553bb75a8841db7,✔️ 해킹 걱정 덜해서 마음이 편해요 🔒,걱정,security,0,,
22dfef19accd9479,연휴 직후 며칠은 분리불안이 가장 심해지는 시기예요,불안,dog,0,,
bc6037e40d4576ca,✨엄마와 아기의 하루를 더 안심되게✨,안심,security,0,,
0dcadd6f13a6fea5,나는 주인 니가 더 걱정돼,걱정|불안,dog,0,,
aa871977f847d8b2,더 가까이 더 안심되게🐶💛,안심,dog,0,,
21d68918ea7639be,""" 불안하셨나요",안심|불안,security,0,,
d60a4194e8044c0d,국내서버 안심되네요,안심,other,0,,
bde7e5565aae404c,원격관리가 77%로 1위라니 다들 외출할 때 걱정이었나 봐요,걱정,dog,0,,
ff1b4990cd632a2f,혼자 잘 있나… 걱정하며 들여다본 📸,걱정,dog,0,,
de75b17df3e88f01,"우리 집 댕냥이 안심 지킴이, 솔리티 홈캠 SC400 📷",걱정|안심,dog,0,,
7f05b00e34866637,겨울이 오전에 똥책 성공하고 일나와서 홈캠보니 역시나 켄넬서 잘자고 있다 분리불안도 없고 집에 잘있어줘서 고마운 겨울이~,불안,dog,0,,
927c02f23559383b,#포인핸드 #믹스견 #똑똑이❤️ #강아지홈캠 #분리불안이뭐야,불안,dog,0,,
a184b474c34412cd,반려동물이 혼자 있는 시간이 걱정되셨나요,걱정,dog,0,,
704fdb2ce43056f1,16ㅣ강아지 분리불안,불안,dog,0,,
18003593e7ec2fb0,"바니, 밤비야 울 엉아는 홈캠 하려고 했다가 형이 분리불안 생길까봐 못 하겠대 근데 또 이제 내 나이가 많아서 혹시 가족들 전부 없는데 무슨 일 생길까봐 그것도 불안하대 어떡하징",불안,other,0,,
c92a19ad13a09e1a,씨씨티비설치하면 내가 분리불안이 생기는,불안,other,0,,
253f7f595afaef90,분리불안없어서 부러워요,불안,other,0,,
8b5a1ec7c567bdd4,지금 우리 집에 필요한 안심입니다,안심,security,1,,
8af903c68e462c48,오늘도 집에 혼자 있는 우리 아이가 걱정되시나요,걱정,dog,0,,
e39765a23ec8ec34,장마·폭염에 습도 관리 걱정되실 때,걱정,security,1,,
b2a1c1731524bc7d,여름철 집을 비울 때 가장 걱정되는 게 혼자 있는 반려동물이죠,걱정|안심,dog,0,,
6aac06c6ef52e676,더 가까이 더 안심되게🐶💛,안심,dog,0,,
9be29a62fbe72d50,더 가까이 더 안심되게🐶💛,안심,dog,0,,
32633d9df4c97d16,더 가까이 더 안심되게🐶💛,안심,dog,0,,
d99017477d6d6e9b,🐶 불안형 집사의 애착 홈캠,불안,dog,0,,
a355b34442d164be,이중 암호로 철저하게 보호해 유출 걱정을 줄였어요,걱정|안심,security,1,,
48cf4bb2b7ab44f3,이중 암호로 철저하게 보호해 유출 걱정을 줄였어요,걱정|안심,security,1,,
7fa05753f2a2c8bd,요즘 혼자 계시는 부모님이 걱정 되어 편하게 생활하기 힘드시죠,걱정|안심,dog,1,,
113b6c88e7da5334,이중 암호로 철저하게 보호해 유출 걱정을 줄였어요,걱정|안심,security,1,,
980fd8706d3470dd,"불안해하는 우리 반려견, 반려묘를 위해",불안,dog,0,,
6cea0ab51a945e3d,밖에 있어도 집 걱정은 끝,걱정,dog,1,,
4fc9b12a99108a9c,밖에 있어도 집 걱정은 끝,걱정,dog,1,,
87ec9a749e2feeaf,밖에 있어도 집 걱정은 끝,걱정,dog,1,,
cd8809e13616db78,걱정돼서 바로 확인했는데…,걱정,dog,0,,
fe3c927a38fbe08a,확인할 수 있어서 혼자 있을 때도 훨씬 안심된다구,안심,dog,1,,
811407b8e0c19f43,강아지 사료는 밀폐 보관인데 자동급식기 사용하면 공기에 노출되니 항상 많이 담지 못했었지만~ 묘향가 자동급식기는 사료를 진공상태로 보관해줘서 더 안심이예요,안심,dog,0,,
3cc79a0b3af95483,고양이 밥 걱정 때문에 자동급식기 알아보다가 선택한,걱정|안심,dog,0,,
88f72f23b17e7035,쿠잉 고화질 홈캠을 설치하고 나서는 실시간 원격 모니터링으로 바로 확인할 수 있어 안심이 되더라구요,걱정|안심,dog,1,,
959674a9450275d7,고양이 밥 걱정 때문에 자동급식기 알아보다가 선택한,걱정|안심,dog,0,,
ec2ea65351d25580,지금 넥시 CB2와 함께 스마트한 안심 라이프를 시작해 보세요,안심,security,1,,
7f40c85bbd6aa16c,복잡한 선 연결과 타공 걱정 없는 무선배터리 홈캠 CB2를 소개합니다,걱정,dog,1,,
a473307f3eb1e7f3,집에 혼자 있는 강아지 걱정돼 펫캠 확인해 봤더니…,걱정,dog,0,,
74f327bb361a10b0,원격음성·간식·모니터링으로 일상 불안이 많이 줄어요(제품·훈련 따라 다름),불안,dog,1,,
2f594d32f6c764dd,"✔️ 집, 반려동물, 아기까지 안심 케어",안심,security,0,,
9ca36434487c1dd2,나무엑스 보안이면 안심할 수 있지요🙌,안심,security,0,,
a15571841c8c79a4,"홈카메라는 실시간으로 잘 나오는지가 제일 중요한데, 이건 따로 저장되지 않는 실시간 LiveView 기능이 있어서 유출 걱정이 전혀 없겠어요",걱정,security,1,,
7965c509bf536f12,"요즘 홈카메라 해킹 뉴스 볼 때마다 불안해서 설치 망설이고 있었는데, 저장할 때랑 업로드할 때 두 번이나 암호화된다니 진짜 안심이네요",안심|불안,security,1,,
bea98cec2aa04c4a,여행 중에 집에서 뭔가 이상한 일이 생기면 어떻게 하나 걱정한 적이 있어요~,걱정,dog,1,,
7fb2d1d30777423e,세계 최고 수준의 보안이라니👍🏻👍🏻👍🏻이젠 걱정하지 말고 니무엑스만 믿아봐👍🏻👍🏻👍🏻,걱정,security,0,,
4c87b8fdb13d9982,뽐이 너무 귀여워요😍 홈캠 있어서 그래도 안심될 거 같아용🥰,안심,other,0,,
517de3d6bf8efdbd,엄마도 분리불안이라 힘들어,불안,dog,0,,
416a285b63a216e5,#강아지분리불안 #강아지하울링 #강아지홈캠,불안,dog,0,,
119c9907a9b29ba6,분리불안없이 잘 자고 잘 먹는다,불안,dog,0,,
895764fc4b7bcb0e,저희집 애도 처음에 데려왔을땐 그랬는데 출근전이니 외출전 무조건 산책30분이상해주고 나갈때는 오히려 티비 다 끄고 조용하게 해주니 안울더라구요..티비켜주고 백색소음켜주고 노즈워크해주면 오히려 더 불안해하고 난리법석이,불안,dog,0,,
c5b32cbbbd119298,아이구 해피야ㅠㅠㅠ코코도 분리불안 있을때는 노즈워크 많이 이용했어용 간식 이불속 베개아래 장난감 등등 숨겨놓고 간식 어디찌~,불안,other,0,,
526b7589cc572f73,저희 콩이랑 똑같네용😢 엄마도 분리불안도 똑같아욬ㅋㅋㅋㅋ❤️,불안,other,0,,
d855fa0ae7dbe907,"너무 마음아파ㅠㅠㅠㅠㅠㅠ소굼이는 애기 때부터 일 가면 혼자 있었어서 그런지 분리불안은 없어요 ,, 오래 같이 있으면 문 앞에 있긴하는데ㅠ_ㅠ혼자 있어봐야한다더라구요",불안,dog,0,,
