target,emotion_word,target_docs,doc_count,ratio,ratio_of_clean,sample_1,sample_2,sample_3
dog,미안,45,3,0.067,0.008,① 인사는 짧게 — 미안해하며 길게 인사하면 불안이 더 커져요,미안해서 출근하기 힘들어요…😭“,미안함을 조금 덜어낸다🤍
dog,보고싶,45,1,0.022,0.003,벙개야 누나 보고싶어서 그래 그렁그렁한 눈으로 보면 누나도 보고싶어서 집에 얼른 올거야 귀여워 😂😂,,
dog,걱정,45,18,0.4,0.048,오늘도 집에 혼자 있는 우리 아이가 걱정되시나요,걱정돼서 바로 확인했는데…,나는 주인 니가 더 걱정돼
dog,안심,45,12,0.267,0.032,쿠잉 고화질 홈캠을 설치하고 나서는 실시간 원격 모니터링으로 바로 확인할 수 있어 안심이 되더라구요,"우리 집 댕냥이 안심 지킴이, 솔리티 홈캠 SC400 📷",확인할 수 있어서 혼자 있을 때도 훨씬 안심된다구
dog,다행,45,2,0.044,0.005,너무 다행이었는데…,,
dog,불안,45,13,0.289,0.034,연휴 직후 며칠은 분리불안이 가장 심해지는 시기예요,#강아지분리불안 #강아지하울링 #강아지홈캠,엄마도 분리불안이라 힘들어
dog,죄책감,45,1,0.022,0.003,매일 아침 아이를 혼자 두고 나오며 죄책감을 느끼시나요,,
dog,귀여워,45,7,0.156,0.019,등돌린 댕댕이 부르는 수달 인형의 아련한 손끝 ㅋㅋ 너무 귀여워서 홈캠 캡쳐 저장했어요 ㅎㅎ #강아지홈캠 #등돌린강아지 #푸들스타그램 #poodlestagram #dogstagram,벙개야 누나 보고싶어서 그래 그렁그렁한 눈으로 보면 누나도 보고싶어서 집에 얼른 올거야 귀여워 😂😂,#강아지홈캠 #귀여워죽음🙈❤️❤️❤️
dog,뭉클,45,0,0.0,0.0,,,
dog,짠하,45,1,0.022,0.003,이렇게 보니 짠하고 귀여움,,
security,미안,18,0,0.0,0.0,,,
security,보고싶,18,0,0.0,0.0,,,
security,걱정,18,7,0.389,0.019,✔️ 해킹 걱정 덜해서 마음이 편해요 🔒,장마·폭염에 습도 관리 걱정되실 때,세계 최고 수준의 보안이라니👍🏻👍🏻👍🏻이젠 걱정하지 말고 니무엑스만 믿아봐👍🏻👍🏻👍🏻
security,안심,18,10,0.556,0.026,나무엑스 보안이면 안심할 수 있지요🙌,"✔️ 집, 반려동물, 아기까지 안심 케어",✨엄마와 아기의 하루를 더 안심되게✨
security,다행,18,1,0.056,0.003,"나름 열심히 골라 구매한곳인데, 다행히 호환 100% 👍🏻",,
security,불안,18,2,0.111,0.005,""" 불안하셨나요",솔리티 SC 400은 렌즈가 완전히 아래로 숨어버리는 '일체형 커버(안심모드)'를 적용하여 해킹으로 인한 사생활 노출 불안감을 원천 차단해 드립니다,"요즘 홈카메라 해킹 뉴스 볼 때마다 불안해서 설치 망설이고 있었는데, 저장할 때랑 업로드할 때 두 번이나 암호화된다니 진짜 안심이네요"
security,죄책감,18,0,0.0,0.0,,,
security,귀여워,18,3,0.167,0.008,“홈캠이 이렇게 귀여워도 되나요,,
security,뭉클,18,0,0.0,0.0,,,
security,짠하,18,0,0.0,0.0,,,
other,미안,18,0,0.0,0.0,,,
other,보고싶,18,2,0.111,0.005,🤍꿀떡이 사진 너무 보고싶숩니다😣,젼 눈나 보고싶다구,
other,걱정,18,0,0.0,0.0,,,
other,안심,18,2,0.111,0.005,뽐이 너무 귀여워요😍 홈캠 있어서 그래도 안심될 거 같아용🥰,국내서버 안심되네요,
other,다행,18,1,0.056,0.003,다행이다울깍지야😍이제아프지말자이쁜아🌼🤩🌼,,
other,불안,18,5,0.278,0.013,"바니, 밤비야 울 엉아는 홈캠 하려고 했다가 형이 분리불안 생길까봐 못 하겠대 근데 또 이제 내 나이가 많아서 혹시 가족들 전부 없는데 무슨 일 생길까봐 그것도 불안하대 어떡하징",씨씨티비설치하면 내가 분리불안이 생기는,저희 콩이랑 똑같네용😢 엄마도 분리불안도 똑같아욬ㅋㅋㅋㅋ❤️
other,죄책감,18,0,0.0,0.0,,,
other,귀여워,18,9,0.5,0.024,탐색하는거 너무 귀여워요 ㅋㅋㅋㅋ🤍,더 귀여워 … 🫠💗,아구아구 귀여워라😍 즐거운 하루 보냈구나❤️
other,뭉클,18,0,0.0,0.0,,,
other,짠하,18,0,0.0,0.0,,,
all,미안,81,3,0.037,0.008,① 인사는 짧게 — 미안해하며 길게 인사하면 불안이 더 커져요,미안해서 출근하기 힘들어요…😭“,미안함을 조금 덜어낸다🤍
all,보고싶,81,3,0.037,0.008,벙개야 누나 보고싶어서 그래 그렁그렁한 눈으로 보면 누나도 보고싶어서 집에 얼른 올거야 귀여워 😂😂,젼 눈나 보고싶다구,🤍꿀떡이 사진 너무 보고싶숩니다😣
all,걱정,81,25,0.309,0.066,여행 중에 집에서 뭔가 이상한 일이 생기면 어떻게 하나 걱정한 적이 있어요~,임시 비밀번호는 15분~20분 정도 자동으로 삭제 되어 노출 걱정 없이 안심하고 사용 가능합니다,복잡한 선 연결과 타공 걱정 없는 무선배터리 홈캠 CB2를 소개합니다
all,안심,81,24,0.296,0.063,이제 솔리티로 언제든 안심하고 외출하세요,야간에도 선명하게 보여서 안심되더라구요ㅎㅎ,✨엄마와 아기의 하루를 더 안심되게✨
all,다행,81,4,0.049,0.011,다행이다울깍지야😍이제아프지말자이쁜아🌼🤩🌼,너무 다행이었는데…,"나름 열심히 골라 구매한곳인데, 다행히 호환 100% 👍🏻"
all,불안,81,20,0.247,0.053,이러면 찾느라 정신없어서 점점 분리불안 사라졌어요,🐶 불안형 집사의 애착 홈캠,#강아지분리불안 #강아지하울링 #강아지홈캠
all,죄책감,81,1,0.012,0.003,매일 아침 아이를 혼자 두고 나오며 죄책감을 느끼시나요,,
all,귀여워,81,19,0.235,0.05,뒤돌아보니까 저렇게 나만 보고 앉아있는게 귀여워서 홈캠 돌려봄,더 귀여워 … 🫠💗,같이 모여다니는거 넘 귀여워요😍
all,뭉클,81,0,0.0,0.0,,,
all,짠하,81,1,0.012,0.003,이렇게 보니 짠하고 귀여움,,
