구분,항목,v1,v2,차이(v2-v1)
필터 단계별 건수,[게시물] 수집 원본,16,330.0,314.0
필터 단계별 건수,[게시물] 기간 필터 후,,195.0,
필터 단계별 건수,[게시물] 광고 제거 후,15,170.0,155.0
필터 단계별 건수,[게시물] 해시태그만 캡션 제거 후,13,148.0,135.0
필터 단계별 건수,[게시물] 중복 제거 후,13,148.0,135.0
필터 단계별 건수,[게시물] robot 강아지 단어 필터 후,12,84.0,72.0
필터 단계별 건수,[댓글] 수집 원본,25,161.0,136.0
필터 단계별 건수,[댓글] 광고 제거 후,25,161.0,136.0
필터 단계별 건수,[댓글] 10자 미만 제거 후,21,80.0,59.0
게시물 수(필터 후),로봇청소기강아지,7,1.0,-6.0
댓글 수(필터 후),로봇청소기강아지,12,1.0,-11.0
자동 관련도,로봇청소기강아지,0.526,0.5,-0.026
게시물 수(필터 후),펫캠,5,24.0,19.0
댓글 수(필터 후),펫캠,9,18.0,9.0
자동 관련도,펫캠,0.643,0.714,0.071
반응 라벨 비율,로봇청소기강아지|fear,0.158,0.0,-0.158
반응 라벨 비율,로봇청소기강아지|curious,0.053,0.0,-0.053
반응 라벨 비율,로봇청소기강아지|play,0.053,0.0,-0.053
반응 라벨 비율,로봇청소기강아지|indifferent,0.0,0.0,0.0
반응 라벨 비율,로봇청소기강아지|adapted,0.053,0.0,-0.053
반응 라벨 비율,로봇청소기강아지|unknown,0.737,1.0,0.263
반응 라벨 비율,전체|fear,0.158,0.0,-0.158
반응 라벨 비율,전체|curious,0.053,0.0,-0.053
반응 라벨 비율,전체|play,0.053,0.0,-0.053
반응 라벨 비율,전체|indifferent,0.0,0.0,0.0
반응 라벨 비율,전체|adapted,0.053,0.0,-0.053
반응 라벨 비율,전체|unknown,0.737,1.0,0.263
