기준,가설,문서수,비율(%),모수
전체(광고 포함),H2 문제행동,59,5.7,1033
전체(광고 포함),H3 불안·죄책감,125,12.1,1033
전체(광고 포함),H4 피곤·못놀아줌,11,1.1,1033
전체(광고 포함),H5 사각지대·고정형,69,6.7,1033
전체(광고 포함),H5-a 양방향·간식·음성,61,5.9,1033
전체(광고 포함),H5-a 반응없음·질림,5,0.5,1033
전체(광고 포함),H6 알림·실시간대응,6,0.6,1033
전체(광고 포함),A2 알림 피로,2,0.2,1033
전체(광고 포함),H7 원하는 기능,59,5.7,1033
전체(광고 포함),R1 보안·프라이버시,97,9.4,1033
전체(광고 포함),S1 돌봄공백,134,13.0,1033
전체(광고 포함),S4 노즈워크·장난감,44,4.3,1033
광고 제외,H2 문제행동,53,6.0,877
광고 제외,H3 불안·죄책감,85,9.7,877
광고 제외,H4 피곤·못놀아줌,10,1.1,877
광고 제외,H5 사각지대·고정형,32,3.6,877
광고 제외,H5-a 양방향·간식·음성,44,5.0,877
광고 제외,H5-a 반응없음·질림,1,0.1,877
광고 제외,H6 알림·실시간대응,2,0.2,877
광고 제외,A2 알림 피로,0,0.0,877
광고 제외,H7 원하는 기능,34,3.9,877
광고 제외,R1 보안·프라이버시,45,5.1,877
광고 제외,S1 돌봄공백,103,11.7,877
광고 제외,S4 노즈워크·장난감,42,4.8,877
