tag,query_group,게시물 수(필터 전),게시물 수(필터 후),댓글 수(필터 전),댓글 수(필터 후),광고 제거 수,자동 관련도,반응 라벨 비율,판정 제안,적용 기간(일),광고 비율,강아지 적중률,최근 1년 게시물 비율,"비용(추정,$)",강아지 통과 게시물 1개당 비용($)
로봇청소기강아지,robot,10,1,1,1,0,0.5,공포 0.0%/호기심 0.0%/놀이 0.0%/무관심 0.0%/적응 0.0%,drop 후보,730,0.0,0.7,0.0,0.0253,0.0253
강아지로봇청소기,robot,21,1,0,0,1,1.0,공포 0.0%/호기심 0.0%/놀이 0.0%/무관심 0.0%/적응 0.0%,drop 후보,730,0.048,0.6,0.048,0.0483,0.0483
로청강아지,robot,1,0,0,0,0,0.0,,drop 후보,730,0.0,0.0,0.0,0.0023,
로봇청소기무서워,robot,30,0,0,0,0,0.0,,drop 후보,730,0.0,0.267,0.0,0.069,
제트봇,robot,30,0,0,0,0,0.0,,drop 후보,365,0.033,0.069,0.0,0.069,
비스포크제트봇,robot,30,0,0,0,0,0.0,,drop 후보,365,0.167,0.0,0.0,0.069,
로보락,robot,30,0,0,0,14,0.0,,drop 후보,365,0.467,0.0,1.0,0.069,
펫케어로봇청소기,robot,1,0,0,0,0,0.0,,drop 후보,365,0.0,0.0,0.0,0.0023,
로봇청소기,robot,50,1,0,0,4,1.0,공포 0.0%/호기심 0.0%/놀이 0.0%/무관심 0.0%/적응 0.0%,drop 후보,365,0.08,0.022,1.0,0.115,0.115
펫캠,substitute,30,24,24,18,3,0.714,,keep 후보,365,0.1,,1.0,0.1242,0.0052
강아지cctv,substitute,30,14,69,31,2,0.333,,keep 후보,365,0.167,,0.567,0.2277,0.0163
강아지홈캠,substitute,30,23,54,26,1,0.612,,keep 후보,365,0.033,,1.0,0.1932,0.0084
홈캠강아지,substitute,6,0,0,0,0,0.0,,drop 후보,365,0.0,,0.0,0.0138,
이동형홈캠,substitute,1,0,0,0,0,0.0,,drop 후보,365,0.0,,0.0,0.0023,
퍼보,substitute,30,20,13,4,0,0.083,,drop 후보,365,0.0,,0.967,0.0989,0.0049
