tag,feed_type,url_hash,body,relevant
로봇청소기강아지,post,9c8a6488e0cb59db,"#내돈내산 나르왈 프레오 Z 울트라
포메라니안 5마리 털 갈이시기를 감당하기 버거워서
사게 된 로봇청소기 이모님💛
지금까지 기다렸다가 사길 잘했다고 느껴질 정도로
강아지 털 뭉탱이는 물론이고 물걸레까지 완벽히 척척척 해내는 중!
강아지 매트도 트월킹 하면서 잘 올라가고
브러시에 털이 엉키지 않아서 흡입력 테스트까지 완벽
잘 지내보자 로청아🥰
.
.
.
#로봇청소기 #로봇청소기추천 #나르왈 #나르왈로봇청소기
#신제품출시 #프레오z울트라 #로봇청소기강아지",
로봇청소기강아지,post,42f3c91f44958124,충전하러간 로봇청소기가 신기한 우리집 댕댕이 처음엔 도망가고 짖고 그러더니 이젠 가까이에도 가고 다컸네 다컸어 🐶,
로봇청소기강아지,comment,091eecb5edb906dc,물걸레 청소기라니~~너무 좋을꺼 같아용❤👍,
로봇청소기강아지,post,bb4b8e311df3e138,"#로봇청소기강아지 
로봇청소기 피해 숨은 개두식 ㅋㅋ",
로봇청소기강아지,comment,eae063bc44a47f95,츄이 이제 늠르음 해졌고나 무려 로봇청소기옆에서 귀를 벅벅 😂😂😂 임모는 대견하다 우리 츄이🐶👍,
로봇청소기강아지,comment,bca62744d835ea67,ㅎㅎ 오~~ 편하겠어요ㅎㅎ 비켜주세요ㅋㅋㅋㅋ🤭🤭,
로봇청소기강아지,post,04f3db082b453f86,"이젠 로보청소기 따윈 안머섭개! 
바로 옆에서 귀도 긁을 수 이찌! 

장난감도 픽할 수 있고! 

매일매일 조금씩 둔감해지는(?) 개린이 츄이 🐶

#골든두들 #츄이 #골든두들츄이 #로봇청소기강아지 #무섭지않긔 #칭그칭긔 #댕댕이",
로봇청소기강아지,comment,6b1e3e1f640166fe,좋아보여요 디자인도 이쁘고🙌 도브고 안 무서워하고 쳐다보고 있는것도 귀염☺️,
로봇청소기강아지,comment,2bebf0cb9dcdb777,청소한다고 비켜주라고 하는게 포인트네요??😮 너무 탐나욬ㅋㅋㅋ,
로봇청소기강아지,comment,d91044c89ba71202,물걸레 로봇청소기 짱이에욤👏 아가들이 무서워 하지 않아서 다행이에욤ㅎㅎ,
펫캠,comment,5fd3c10cd64ed196,으아 홈캠 너무 고민데요 ㅎㅎㅎㅎ싼거살지 기능좋은거 살지..😮,
펫캠,comment,955d7a7abab2976d,저도 이제품으로 구매했는데! 화질도좋고 다 만족중이에요 😆👍🏻,
펫캠,post,f553bb75a8841db7,"저희 집에 홈캠 들였어요 🥰🏠
씨앤케어 인공지능 홈카메라 A+ 📹

유튜브 비교영상 엄청 찾아보고 골랐어요 👀
제가 본 기준은 이거예요 👇

✔️ 국내 서버라 믿음이 가요 🇰🇷
✔️ 해킹 걱정 덜해서 마음이 편해요 🔒
✔️ 500만 화소라 화질이 선명해요 🔍
✔️ 기능이 편리해서 쓰기 쉬워요 📲

가격 대비 성능이 진짜 좋아서 거실용 아기방용으로 2개 들였어요 😆💛

#씨앤케어 #홈캠추천 #500만화소 #인공지능홈카메라 #아기홈캠",
펫캠,comment,2836e3aa296dce07,저두 홈캠 알아보고 있는데 ...ᐟ.ᐟ 이거 좋아보이네용 𓂃♡,
펫캠,comment,24e98870d9fe3a8b,오!! 요거 가격은 어떻게되나요?,
펫캠,comment,16d7b67f2789704f,저희 집이랑 같아요! 사용해보니 편하구 넘넘 좋더라구요!!👏,
펫캠,post,81978e5d41409f7d,"집을 비운 사이, 우리 집에서는 무슨 일이? 👀🐾

평화롭게 낮잠 자는 줄 알았는데…
잠깐 한눈판 사이 화분과 한판 승부 중 🌱😂

T1 HOME CAM으로
집 밖에서도 실시간으로 우리 집을 확인하고,
반려동물의 소중한 일상까지 함께해 보세요.

보고 있으면 사고 치는 순간마저 귀여우니까 🤍

언제 어디서나, 소중한 순간을 지켜요.
T1 HOME CAM 📹✨ 

#ThingsOne #스마트홈 #t1homecam #싱스원 #반려동물홈캠 #펫캠 #고양이 #반려동물 #홈캠",
펫캠,post,451df21ea87d2471,"🐶🐱 댕냥이들도 기다리는 추석 연휴 🌕💛

집사랑 오래오래 붙어 있을 수 있어서 좋고,
맛있는 냄새 솔솔 나는 것도 좋고 👀🍂
평소보다 쓰담쓰담도 간식도 더 많이 받는 날✨

긴 연휴 동안 우리 댕냥이들도
아프지 말고, 신나게 놀고, 푹 쉬면서
행복한 추석 보내길 바라요 🐾🧡

세상의 모든 댕냥이들과 집사님들,
따뜻하고 행복한 한가위 보내세요 🌕✨

※ 본 이미지는 AI로 생성된 연출 이미지이며, 실제 반려동물이 음식을 섭취한 장면이 아닙니다.

#파인뷰 #홈캠 #육아템 #베이비캠 #홈캠추천 #육아 #펫캠 #반려동물 #K90 #K11 #닥스훈트 #치즈냥이#추석 #한가위",
펫캠,comment,2326dbcbd64b71fe,저도 씨앤케어 500 2개로 준비했지요 ㅎㅎㅎㅎ 여러모로 넘 좋더라구요!!❤️,
펫캠,post,b126fd4ed2a8ca42,"이불 밖은 위험한데 불 끄러 일어나기 세상 귀찮았던 분? 🛌💡

'시리야 불 꺼줘' 한마디면 조명이 스르륵 꺼지고,
퇴근 10분 전에 밖에서 폰으로 탄소매트 켜두는 신세계!
배선 공사 1도 없이 콘센트만 꽂으면 끝나는 스마트홈 꿀템 3선:

✨ 방구석을 감성 호텔 바로 바꿔주는 필립스 휴 그라디언트 조명
👀 외출 중 우리 집 댕댕이 지켜보는 360도 2K 티피링크 홈캠
🔌 고데기 켜두고 나왔을 때 밖에서 원격 차단하는 스마트 플러그

한 번 써보면 절대 이전으로 못 돌아갑니다 🚀
상세 제품 세팅법과 좌표는 프로필 블로그 링크에서 확인하세요!

#스마트홈 #IoT라이프 #필립스휴 #홈CCTV #펫캠 #스마트플러그 #자취방인테리어 #데스크테리어 #감성방꾸미기",
