rule_label,url_hash,tag,feed_type,matched_words,body,human_label
unknown,d69a1ed60f28e21d,로봇청소기강아지,comment,,"안녕하세요, 방송 출연 건으로 연락드립니다. 바쁘시겠지만 DM 확인 부탁드립니다🙏🏻",
unknown,151c352a837aa342,로봇청소기,post,,"요즘 집에서 거의 매일 쓰고 있는데 생각보다 흡입력이 좋아서 만족스러워요!
밥 먹고 바닥에 음식물이나 물 흘렸을 때 바로 밀어주면 한 번에 깔끔하게 정리돼요 ㅎㅎ
강아지 털이나 머리카락도 잘 빨아들여서 청소하고 나면 바닥이 확실히 깨끗해진 느낌이네용 물걸레질까지 같이 되니까 청소기를 따로 돌리고 걸레질할 필요가 없어서 정말 편합니다. 소파 밑이나 방 구석구석 밀고 다니기도 생각보다 편해서 손이 자주 가네요.써보니까 청소 스트레스가 확 줄어서 요즘 제일 잘 산 생활가전 중 하나에요 ㅎㅎ #틴도우 #내돈내산틴도우 #내돈내산 #teendow #로봇청소기",
unknown,9c8a6488e0cb59db,로봇청소기강아지,post,,"#내돈내산 나르왈 프레오 Z 울트라
포메라니안 5마리 털 갈이시기를 감당하기 버거워서
사게 된 로봇청소기 이모님💛
지금까지 기다렸다가 사길 잘했다고 느껴질 정도로
강아지 털 뭉탱이는 물론이고 물걸레까지 완벽히 척척척 해내는 중!
강아지 매트도 트월킹 하면서 잘 올라가고
브러시에 털이 엉키지 않아서 흡입력 테스트까지 완벽
잘 지내보자 로청아🥰
.
.
.
#로봇청소기 #로봇청소기추천 #나르왈 #나르왈로봇청소기
#신제품출시 #프레오z울트라 #로봇청소기강아지",
unknown,87ca7f4d3b8f6b24,강아지로봇청소기,post,,"어머니집에 사드린 삼성 로봇청소기! 집안 곳곳을 스마트하게 청소해줘서 너무 좋다고 하신다. 강아지 키우는 집이라 항상 털이 조금씩 바닥에 있는데 털도 깔끔하게 제거해줘서 더욱 좋아하심ㅋㅋㅋ 
자동으로 충전까지 척척 잘 해서 언제나 청소준비완료라고 필요한시간 시점에 잘 쓸수있다고 고마워하신다>,<
어머니 청소에서 해방시켜 드리고 우리도 기분좋다.
ㅡ
ㅡ
#삼성로봇청소기 #삼성로청 #로봇청소기고양이 #로봇청소기9700
#로봇청소기 #로청추천 #강아지로봇청소기",
