url_hash,tag,feed_type,labels,matched_words
9c8a6488e0cb59db,로봇청소기강아지,post,unknown,
bb4b8e311df3e138,로봇청소기강아지,post,fear,숨|피해
5428100ce1ba6d35,로봇청소기강아지,post,unknown,
04f3db082b453f86,로봇청소기강아지,post,play,장난
06a9550747a489da,로봇청소기강아지,post,unknown,
42f3c91f44958124,로봇청소기강아지,post,fear|adapted,짖|도망|처음엔
d847e9af552aa660,로봇청소기강아지,post,unknown,
9da204b372c9d5c1,로봇청소기강아지,comment,unknown,
eae063bc44a47f95,로봇청소기강아지,comment,unknown,
afaced6fdfb6ecb3,로봇청소기강아지,comment,unknown,
6580e8dfe1847cee,로봇청소기강아지,comment,unknown,
091eecb5edb906dc,로봇청소기강아지,comment,unknown,
22aad83ecafc84a8,로봇청소기강아지,comment,unknown,
6b1e3e1f640166fe,로봇청소기강아지,comment,curious,쳐다
acc646e95854f66b,로봇청소기강아지,comment,unknown,
2bebf0cb9dcdb777,로봇청소기강아지,comment,unknown,
bca62744d835ea67,로봇청소기강아지,comment,unknown,
d91044c89ba71202,로봇청소기강아지,comment,fear,무서워
d69a1ed60f28e21d,로봇청소기강아지,comment,unknown,
