본문,url,feed_type,date,tag,file,dog,pre,post,ad,stage,반려가구·광고제외
"골든리트리버 가족중에 로봇청소기 쓰시는분들 계세요?
대량의 긴털들을 로봇청소기가 이겨내는지,
매트위에 털도 잘 청소해내는지(?)
실사용 후기가 궁금해요🙄🤎

예전부터 넘 사고싶었는데
매트+개털 조합은 보통 사용어렵다그래서 포기하고 살았어요🫠
몇년지난 지금의 기술이 궁금합니닷ㅋㅋㅋ

#로봇청소기사고시포요!!!!!!🤖
#개털
#로봇청소기추천",https://www.instagram.com/p/CqnmtUqJW8o/,post,,로봇청소기강아지,v1/data_raw_v1_instagram_dogfilter_removed.csv,True,True,True,False,구매 전 고민,True
"어머니집에 사드린 삼성 로봇청소기! 집안 곳곳을 스마트하게 청소해줘서 너무 좋다고 하신다. 강아지 키우는 집이라 항상 털이 조금씩 바닥에 있는데 털도 깔끔하게 제거해줘서 더욱 좋아하심ㅋㅋㅋ 
자동으로 충전까지 척척 잘 해서 언제나 청소준비완료라고 필요한시간 시점에 잘 쓸수있다고 고마워하신다>,<
어머니 청소에서 해방시켜 드리고 우리도 기분좋다.
ㅡ
ㅡ
#삼성로봇청소기 #삼성로청 #로봇청소기고양이 #로봇청소기9700
#로봇청소기 #로청추천 #강아지로봇청소기",https://www.instagram.com/p/DC3G2HNB4IC/,post,2024-11-27,강아지로봇청소기,data_raw_instagram.csv,True,False,False,False,기타,True
"요즘 집에서 거의 매일 쓰고 있는데 생각보다 흡입력이 좋아서 만족스러워요!
밥 먹고 바닥에 음식물이나 물 흘렸을 때 바로 밀어주면 한 번에 깔끔하게 정리돼요 ㅎㅎ
강아지 털이나 머리카락도 잘 빨아들여서 청소하고 나면 바닥이 확실히 깨끗해진 느낌이네용 물걸레질까지 같이 되니까 청소기를 따로 돌리고 걸레질할 필요가 없어서 정말 편합니다. 소파 밑이나 방 구석구석 밀고 다니기도 생각보다 편해서 손이 자주 가네요.써보니까 청소 스트레스가 확 줄어서 요즘 제일 잘 산 생활가전 중 하나에요 ㅎㅎ #틴도우 #내돈내산틴도우 #내돈내산 #teendow #로봇청소기",https://www.instagram.com/p/DdtU4w1GS11/,post,2026-09-25,로봇청소기,data_raw_instagram.csv,True,False,True,False,구매 후(후기),True
".
📷 우리집 펫캠 = 로봇청소기
가끔 혼자 뭐하나 궁금할때 켜보는 카메라!
코봉이 귀여워 😍 

🐶 : 엄마 이 각도 별루야! 아래서 찍으묜 안대징

#로봇청소기 #LG로봇청소기 #펫캠 #코봉이
#네티 #멍멍이 #멍스타그램 #댕댕이 #댕스타그램
#강아지일상 #웨스티 #화이트테리어 #반려견
#westiemoments #westiegram #westie
#doglife #puppylove #westielove
#westhighlandwhiteterriers #puppy",https://www.instagram.com/p/DNDQWEUTk3f/,post,2025-08-07,펫캠,data_raw_instagram.csv,True,False,False,False,기타,True
"#로봇청소기강아지 
로봇청소기 피해 숨은 개두식 ㅋㅋ",https://www.instagram.com/p/Cv5SiF8yszM/,post,2023-08-13,로봇청소기강아지,v1/data_raw_v1_instagram.csv,True,False,False,False,기타,True
"얘드라~ 누나가 나 때문에 청소하기 힘들다며 로봇청소기를 질렀다지 뭐야. 🤖 이름도 나랑 연결되게 '아몬드'로 지었대. 
그런데 얘는 오자마자 왜 이렇게 시끄럽게 하면서 돌아다니는지 진짜 내 신경을 자꾸 건드려! 😒 😤 #다이아와아몬드 #다이아몬드💎 #비숑프리제 #에코백스 #디봇t10옴니 #로봇청소기 #로봇청소기강아지",https://www.instagram.com/p/Cs6HKOFJR5c/,post,2023-05-31,로봇청소기강아지,v1/data_raw_v1_instagram.csv,True,False,False,False,기타,True
"이젠 로보청소기 따윈 안머섭개! 
바로 옆에서 귀도 긁을 수 이찌! 

장난감도 픽할 수 있고! 

매일매일 조금씩 둔감해지는(?) 개린이 츄이 🐶

#골든두들 #츄이 #골든두들츄이 #로봇청소기강아지 #무섭지않긔 #칭그칭긔 #댕댕이",https://www.instagram.com/p/ChbFWjxJqCq/,post,2022-08-19,로봇청소기강아지,v1/data_raw_v1_instagram.csv,True,False,False,False,기타,True
"치명적인 뒷태.........♡
로봇청소기 종일 돌릴기세

#멍스타그램
#로봇청소기강아지
#뒷모습졸귀",https://www.instagram.com/p/CeJG-R6APIv/,post,2022-05-29,로봇청소기강아지,v1/data_raw_v1_instagram.csv,True,False,False,False,기타,True
충전하러간 로봇청소기가 신기한 우리집 댕댕이 처음엔 도망가고 짖고 그러더니 이젠 가까이에도 가고 다컸네 다컸어 🐶,https://www.instagram.com/p/CZJGw_wrv01/,post,2022-01-25,로봇청소기강아지,v1/data_raw_v1_instagram.csv,True,False,False,False,기타,True
"도브고네 새로운 칭구가 생겨써요💙

건강하던 브리가 작년연말부터 두번 병원갈일이 있었는데.. 진단명이 기관지염🥲

온도습도먼지 등등 여러 이유가있겠지만.. 요즘 바쁘다고 청소를 게을리한게 문제려나.. 싶어서 물걸레로봇청소기를 샀습니당~ 왜 이제샀나싶게 만족스러움👏👍

강아지매트를 깔면서 원래 가지고있던 먼지흡입용 로봇청소기는 무용지물이 되었고..
그 후 로봇청소기는 다시는 쓸일없을줄 알았는데 물걸레청소기는 또다른 세계🙈⁉️

🎃비하인드스토리...
로청이가 퓨리케어 공청이앞에서 ""청소중입니닷. 비켜주십시오✋""라고 했다는.....ㅋㅋ

.
.
.
#내돈내산 #청소잘하는친구 #친하게지내자 #물걸레로봇청소기 #로봇청소기강아지 #코드제로m9 #lgm9 #lgobjetcollection #똑똑이 #청소를부탁해
#연초는 #복포소진하는맛

.
.
.
#귀염뽀짝#도브고#도토리패밀리#도토리엄마#딸랑구브리#아들램고다#다둥이네#chihuahua#longcoatchihuahua#장모치와와#치와와#견생샷#반려견일상",https://www.instagram.com/p/CYwK3oPJw4X/,post,2022-01-15,로봇청소기강아지,v1/data_raw_v1_instagram.csv,True,False,True,False,구매 후(후기),True
"로봇청소기 처음 봐요 그렇지만 난 안 무서워요

#토핑공주#강아지로봇청소기",https://www.instagram.com/p/DTJ5eZFgZ4U/,post,,강아지로봇청소기,data_raw_instagram_dogfilter_removed.csv,True,False,False,False,기타,True
"엄마가 나 털 너무 많이 빠진다고 로봇청소기를 샀대! 근데 너무 좋다고 하더라구 멍친구들 털 청소 힘든 엄마들은 로봇청소기 사봐!! 그리구 난 저런 거 하나두 안 무서워!! 엄~청 시끄럽긴해 ㅎㅎ

#로봇청소기 #로봇청소기추천 #로보락 #로보락s8proultra #로봇물걸레청소기 #강아지로봇청소기 #털청소기",https://www.instagram.com/p/C2wzFLKr1Za/,post,,강아지로봇청소기,data_raw_instagram_dogfilter_removed.csv,True,False,True,False,구매 후(후기),True
"⠀
살구야 그거 장난감 아니라고…
결국 베리한테 혼났지🤦🏻‍♀️
#내이름은살구 #말티푸 #크림말티푸 #말티푸그램 #살구
#로봇청소기 #강아지로봇청소기",https://www.instagram.com/p/CP_WSEGnnlw/,post,,강아지로봇청소기,data_raw_instagram_dogfilter_removed.csv,True,False,False,False,기타,True
"⠀
살구야 그거 장난감 아니야🙅🏻‍♀️ 응 내려와🙆🏻‍♀️
#내이름은살구 #말티푸 #크림말티푸 #말티푸그램 #살구
#로봇청소기 #강아지로봇청소기",https://www.instagram.com/p/CP_VyGSHJLl/,post,,강아지로봇청소기,data_raw_instagram_dogfilter_removed.csv,True,False,False,False,기타,True
"넌 뭔데 우리집에서 그러케 소리 크게내면서 돌아다니냐개 🤨🤨🤨 

#치후360 #말티푸 #말티푸그램 #말티푸스타그램 #강아지로봇청소기 #멍스타그램 #멍팔맞팔 #멍팔환영",https://www.instagram.com/p/CKSj68DnKhh/,post,,강아지로봇청소기,data_raw_instagram_dogfilter_removed.csv,True,False,False,False,기타,True
"-
청소는 기본, 반려동물까지 케어하는 펫케어 로봇청소기
#디봇 과 반려동물의 사랑스러운 일상을 소개합니다✨

반려동물과 함께 생활할 때에는 털 빠짐 문제와
배변 냄새 등 여러가지를 신경 써야 하죠😮

이제 에코백스 로봇청소기와 함께라면 문제없어요!

🐾강력한 청소 능력! 흡입은 물론 물걸레 청소도 OK!
🐾반려동물과의 부딪힘 사고 걱정 NO!
🐾홈 패트롤 기능으로 외부에서도 반려동물과 소통하세요!
🐾에어 프레쉬너로 배변 냄새도 말끔하게 제거

반려동물과 함께 생활할 때에도 늘 깨끗한 환경을 만들어주는
에코백스 로봇청소기를 경험해 보세요🤍

#에코백스 #ECOVACS #로봇청소기 #현빈로봇청소기 #로봇청소기추천",https://www.instagram.com/p/CpMIiaYvRmW/,post,,펫케어로봇청소기,data_raw_instagram_dogfilter_removed.csv,True,False,False,False,기타,True
"아침부터 로봇청소기랑 싸우는 다비구두👠
#말티푸 #로봇청소기 #바보개 #멍팔맞팔❣️",https://www.instagram.com/p/DdxaL4Pk5J6/,post,,로봇청소기,data_raw_instagram_dogfilter_removed.csv,True,False,False,False,기타,True
"+449일
오늘 출근하는 엄마ㅎㅎ
옷입고 나오면 인사해주는 우래깅 쿨하게 보내주는구나
마중나와서 다녀오라고 인사도 해즈고 문도 닫고 넘 귀엽따 증말ㅎㅎㅎ
기특해 우래깅🫶🏻

커피없이는 못사는 아빠 오늘은 미세먼지 보통이랑 지후니랑 커피사러!!
처음에는 옷입기도 싫어했다가 푸쉬카보자마자 나가겠다고
귀염둥이ㅎㅎㅎ푸쉬카 두번인가 타고 계속 감기 걸려서 못탔다가
드디어 타따!!! 그래서 그런지 엄청 신났다구 한다
산책할겸 멀리 커피 사러 다녀왔다는 아빠ㅋㅋㅋ
그래도 집 도칙해도 내리기 싫어했다는 지후니 놀이터 들렸다가 와쥬지
칼같은 아빠ㅋㅋㅋㅋ
그래도 오늘 진짜진짜 요리똥손 아빠가 직접 볶음밥도 해주고 최고다증말👍🏻
지후나 아빠가 엄마도 요리 안해줘ㅋㅋㅋ근데 지후니 맘마 준다고 열심히 만들어쩡ㅎㅎㄹ(물론 엄마가 레시피 자세히 적어쥬긴 해찌)
그래도 지후니가 엄청 잘먹는다고 좋아했엉ㅎㅎㅎ
아빠 귀엽찌ㅎㅎㄹ🤍

오늘 광주할머니집에 갈거라서 차에서 자라고 엄마 퇴근할때까지 안재웠더니
아빠한테 와서 안겼다는ㅋㅋㅋ안기는거는 엄마한테만 안기는데
아빠한테 안긴거는 진짜진짜 졸렸나보다ㅠㅠ
엄마 퇴근하고 오자마자 바로 출발!!!!
차 너무 막혀서 결국 탕정힐머니집 들렸다가 가기루,,,
그래도 차타자마자 잔 지후니 넘 디행이댜ㅠㅜㅠ 안잤으면 차가 어마무시하게 막혀서 너무 힘들었을텐뎅ㅠ
50분이면가는 탕정할머니집 두시간반 넘게 걸려서 도착🤦🏻‍♀️
갈때는 엄마가 운전하기로해서 운전했는데 진짜 운전하면서 왠만하면 잘 안지치는데ㅋㅋㅋ일까지하고 와서 정말 지쳤닼ㅋㅋㅋ
막혀도 한시간반 생각한 거리를 두시간반 넘게 걸리다니,,,.
명절보다 더 심각한거같다,,,후

탕정할머니집에 도착했는뎅 도착하면서 카시트 내리면서 깨버린 우래깅
도착했는데 할머니기 없다?!? 
그리고 바닥에 로봇청소기가 움직인다?!???
아니 이게 무ㅏ야ㅋㅋㅋ얼음 되어버린 지후니ㅋㅋㅋ
엄마 쪼끔 떨어지자마자 무서워서 울어버린 우래깅
애기때는 엄청 신기해하더니 이제는 무서워하기ㅋㅋㅋㅋ너무 귀엽다 증말
지후니 기다리다가 잠깐 외출하러 나갔다는 할머니 바로 온다해서 우유먹고
창문밖에 구경하면서 할머니 기다리
할머니 들어오자마자 반가워하면서 손내밀면서 안기기🤍
넘 귀여워ㅋㅋㅋㅋ할머니 만나면 엄마도 아빠도 신경 안쓰는 지후니
서운하지만 그래도 좋다👍🏻
삼촌이 지후니 보자마자 귀 덮혀있는 머리카락이 맘에 안들었는지 바로 이발
엄마아빠도 너무 지저분해서 밀어버릴까 고민했는데 삼촌이 보자미자 다듬어주기ㅎㅎㅎ이러고 괌에 갔으면 더 좋았을텐데 덥수룩 사라지지고 넘 깔끔하고 귀여워진 주지훈🩵

계속 막히는거같아서 저녁도 먹고 출발하기루!
지후니 소고기 먹으러~~
처음에는 내리지말라고 안아달라던 지후니
놀이터에서 내려주니 신나서 놀기ㅋㅋㅋ
굳이 저 봉을 넘어다는뎈ㅋㅋ왜그러는거야 장난꾸러기
할머니집에서 10분거리 식당!
걸어가는데 공원에서 내려주니 신나서 다니는 지후니
10분거리인데 20분넘게 걸린듯ㅋㅋㅋ중간에 아빠가 강제연행 몇번해서
겨우 이정도😅
그랴도 나름 엄미아빠 잘따라와땅ㅎㅎㅎ
식당가서 공기밥 시킨거 하나 다 먹구ㅋㅋㅋ고기도 잘먹고
간식도 잘먹고ㅎㅎㅎ배가 고파서 그런지 짜증도 거의 안내고
밥잘먹고온 지후니ㅋㅋㅋ너무 기특해 증말💓
이뻐죽게쓰ㅎㅎㅎㅎ

할머니집에서 샤워까지 하고 야무지게 응가도하고 
광주할머니할아버지보러 출발!!
내일 일어나서는 광주할머니할아버지랑 놀지 귀요미🫶🏻

#449일 #14개월아기 #로봇청소기무서워 #귀엽다증말",https://www.instagram.com/p/C6jEqb5BEkG/,post,,로봇청소기무서워,data_raw_instagram_dogfilter_removed.csv,False,True,False,False,구매 전 고민,False
"#이마트속초점
⠀
💙삼성 비스포크 제트봇 1대 한정특가안내💙
⠀
⠀
- 모델명 : VR30T85514W
⠀
- 판매가 : 999,000원
⠀
- 행사가 : 499,000원
⠀
ㅡㅡㅡㅡㅡㅡㅡㅡㅡㅡㅡㅡㅡㅡㅡㅡㅡㅡㅡㅡㅡㅡㅡㅡ
⠀
* 행사제품은 1대 한정수량이며 조기종료될수있습니다
⠀
* 문의사항은 이마트 2층 계산대앞 삼성전자로 문의바랍니다
⠀
☎️삼성매장 연락처 : 033-630-1230
⠀
⠀
#이마트 #속초 #속초점 #emart
#삼성 #삼성전자 #비스포크 #제트봇
#1대 #한정수량 #할인 #가전 #가전제품
#삼성가전 #특가 #🛒",https://www.instagram.com/p/DHaKxqZvhjL/,post,,제트봇,data_raw_instagram_dogfilter_removed.csv,False,True,False,True,구매 전 고민,False
"안녕하세요~ #롯데하이마트쌍문점 입니다.
어느덧 3월도 얼마 남지 않았다는 생각이 드네요.
그 말은 즉 #로봇청소기페스타 가 종료 임박이라는 뜻!!
하이마트 쌍문점에서 다양한 브랜드를 직접 보고 만지고
체험하고 전문상담원에게 듣는 비교 상담까지!!
이게 전부?? 아니죠
다양한 새 제품과 신모델 뿐만 아니라 새 것 같은
전시제품도 다양한 선택지가 준비되어 있습니다.
3월! 로봇청소기 페스타가 끝나기전에 우리집 청소 걱정
끝내실 수 있도록 하이마트 쌍문점이 도와드리겠습니다!

#로봇청소기 #로봇청소기수납장 #로보락 #드리미 
#에코백스 #로보킹 #제트봇",https://www.instagram.com/p/DHSpTNCTHwM/,post,,제트봇,data_raw_instagram_dogfilter_removed.csv,False,True,False,False,구매 전 고민,False
"이번 제품은 로봇청소기 제트봇(VR50B9563AE)입니다.
기능으로는 음성인식(본체,빅스비,스마트폰,AI스피커), 예약청소, 실시간맵핑, 청소금지구역 설정, 청소리포트, 모니터링, 펫케어서비스, 엉킴제거브러시, 바닥 자동감지 청소와 3D센서,추락센서,LIDAR센서,사물인식 센서 가 탑재돼있는 로봇청소기 입니다
SmartThing 모바일앱 지원으로 스마트폰으로 쉽게 사용할 수 있습니다
그 외에 궁금하신 사항은 문의주시면 답변드리겠습니다
★가격 및 제품 문의는 DM으로 부탁 드립니다.★
#삼성 #특판 #삼성특판 #로봇청소기 #제트봇",https://www.instagram.com/p/C1HobFCpXtY/,post,,제트봇,data_raw_instagram_dogfilter_removed.csv,False,True,False,False,구매 전 고민,False
"삼성 싸이클론 진공청소기!
VC33M2110LP모델!
왜 사야하는지 볼까요~~~?

#삼성 #가전제품 #가전제품추천 #전자제품 #보보 #보팀장 #무선청소기 #무선청소기추천 #제트 #제트청소기 #제트봇 #로봇청소기 #비스포크 #비스포크청소기 #툰 #일상툰 #툰스타그램 #인스타툰 #좋아요반사",https://www.instagram.com/p/CzvaeltLo5B/,post,,제트봇,data_raw_instagram_dogfilter_removed.csv,False,True,False,False,구매 전 고민,False
"청소는 우리의 일상생활에서 빼놓을 수 없는 가사 중 하나입니다. 쾌적하고 깔끔한 환경을 유지하기 위해 청소는 필수적이지만, 사실 많은 사람들이 시간을 투자하거나 힘들게 작업하는 것을 꺼립니다. 다행히도 최근에는 첨단 기술의 발전으로 다양한 청소 도구가 등장하며 청소의 부담을 덜어주는 제품이 늘어나고 있습니다. 대표적인 제품으로는 무선청소기와 로봇청소기가 있습니다.

무선청소기와 로봇청소기는 각각의 장단점이 뚜렷하기 때문에, 선택은 사용자의 생활 스타일과 필요에 따라 달라지게 됩니다. 적극적으로 공간 곳곳을 청소하고 싶다면 무선청소기가 적합하고, 집을 비우는 시간이 많거나 자동화를 중시한다면 로봇청소기가 훨씬 유용할 수 있습니다. 가정마다, 그리고 라이프스타일마다 적합한 청소기가 다르니, 자신의 필요와 예산을 고려해 최적의 선택을 하시기 바랍니다.

무선청소기와 로봇청소기의 조합으로 둘 다 사용한다면 더 최상의 결과를 얻을 수도 있겠죠?

​삼성스토어 문자 및 전화 상담
 

카카오톡 상담
 

삼성스토어 검단 홈페이지
 

삼성스토어 검단 블로그
 

제품에 대해 더욱 자세한 정보나 빠른 견적은 프로필 링크를 클릭해 주세요.

#로봇청소기, #무선청소기, #삼성로봇청소기, #삼성무선청소기, #비스포크제트, #비스포크제트봇, #로봇청소기추천, #무선청소기추천, #제트봇AI, #물걸래로봇청소기",https://www.instagram.com/p/DPLe_zIiVM7/,post,,비스포크제트봇,data_raw_instagram_dogfilter_removed.csv,False,True,False,False,구매 전 고민,False
"☑️고객만족도 1위◆
.
☑️철통보안 보장◆
.
☑️누구나 어려운 상황 겪고 있을수 있습니다◆
.
☑️혼자 고민하시지말고 연락주세요◆
.
.
.
.
.
.
.

#자격증제작 #자격증위조 
#미식 #미식가 #미식축구
#비스포크제트 #비스포크제트봇=Ai #비스포크큐브=Air
#송도동 #송도디저트 #송도마카롱
#안녕 #안녕👋 #안녕육지사람",https://www.instagram.com/p/Cu6H1o6L-gR/,post,,비스포크제트봇,data_raw_instagram_dogfilter_removed.csv,False,True,False,False,구매 전 고민,False
"☑️고객만족도 1위◆
.
☑️철통보안 보장◆
.
☑️누구나 어려운 상황 겪고 있을수 있습니다◆
.
☑️혼자 고민하시지말고 연락주세요◆
.
.
.
.
.
.
.

#졸업증위조 #거래내역서위조 #토익시험
#미시즈모델 #미식 #미식가
#비스포크인덕션 #비스포크제트 #비스포크제트봇=Ai
#송도데이트 #송도동 #송도디저트
#안나카레니나 #안녕 #안녕👋",https://www.instagram.com/p/Cu1BVWSxm9j/,post,,비스포크제트봇,data_raw_instagram_dogfilter_removed.csv,False,True,False,False,구매 전 고민,False
"하이마트 10월 초특가 한정판매,
청소기 최대 20% 대전.
아트란큐패드 태블릿pc 초특가
▼행사 소식▼

💥 1. 득템 기회! [오픈런 대란템] 한정특가 12종 (9,900원~)
가성비 터지는 생활/소형 가전이 최대 73.8% 할인!
9,900원~30,000원 대 파격 가격으로
선착순 한정 판매됩니다!!

🛍️ 주요 행사 품목 안내

* [9,900원 균일가 라인업]
* ✂️ 파테크 고출력 헤어드라이어 (PD-M3600) ➔ 9,900원
* ✂️ 파테크 콧털 제거기 (PE-R550) ➔ 9,900원
* 🧶 필립스 보풀제거기 (GC-026) ➔ 9,900원
* 🚗 나인픽 차량용 청소기 (EL-NHVC1) ➔ 9,900원
* 🪒 파테크 휴대용 면도기 (PS-E206) ➔ 9,900원

* [19,900원 가성비 라인업]
* 💧 버뮤다 3L 초음파 가습기 (VM-H300(1)) ➔ 19,900원
* 💡 스피아노 모노 머쉬룸 LED 무드등 (SL-MR01) ➔ 19,900원
* 💡 렉슨 블라 조명 (LH63) ➔ 19,900원
* 🫖 이페이지 1.8L 전기주전자 (1+1!!)
(KEP-S1800) ➔ 19,900원

* [29,900원 ~ 39,900원 인기 가전]
* 🥗 데코아르 멜로우 무선 글라스 초퍼
(TKC-10046M) ➔ 29,900원
* ⌨️ 로지텍 MK275 무선 콤보
(MK275) ➔ 29,900원
* 🍹 필립스 미니 블렌더 데일리컬렉션 (HR-2602) ➔ 39,900원

⚠️ 안내사항: 모든 상품은 선착순 한정 수량으로 
조기 소진될 수 있으니 서두르세요!
-----------------------------------------

또한
⚠️ [청소기 브랜드대전 최대20% 할인]

날씨가 선선해지면서 집안 곳곳을 저리하고 
청소하기 좋은 계절이 되었는데요
매일 사용하는 청소기!

오래 사용해서 성능이 아쉽거나, 
새로운 로봇청소기·무선청소기로 바꿔볼까? 
고민하고 계셨다면 주목해주세요!

10월 롯데하이마트에서는
💥청소기 브랜드대전을 준비했습니다👏🏻👏🏻

이번 행사에서는 인기 청소기 브랜드와 
다양한 청소 관련 상품을 특별한 가격으로 
만나보실 수 있는데요~

특히 행사기간 동안 최대 20% 할인은 물론,
제품 구매 금액에 따라 핸디형 청소기
무상증정 혜택까지 준비되어 있습니다!

<10월 청소기 브랜드대전>
📅행사기간: 10/2(금) ~ 10/31(토)
🔥최대 20% 할인!
이번 10월 청소기 브랜드대전에서는
✔️로보락
✔️드리미
✔️샤크
✔️로봇청소기장
✔️핸디형 청소기

등 다양한 청소 관련 상품을 만나보실 수 있습니다

청소기를 새로 구입할 예정이었다면 
10월 행사기간을 놓치지 마세요!

-----------------------------------------

📱 3. 인터넷 최저가 파괴!

[아트란 큐패드 미니] 태블릿PC 
단독 초특가
인터넷 최저가보다 더 싼 가격으로 
찾아온 실속형 태블릿 PC!

10월 1일부터 단 1,500대 한정판매 시작합니다!
(케이스 무료 포함 혜택까지! 🎁)
* 💰 행사 특가: 139,000원

* 📉 할인 혜택: 온라인 최저가
(174,100원) 대비 35,100원 추가 할인!
* 📦 구성: 본체 + 케이스 포함!

TEL : 032-668-7200

10월 초특가 행사템
많은 문의 부탁 드립니다~

#아트란큐패드미니 #아트란 #큐패드미니
#큐패드 #태블릿PC #태블릿 #가성비태블릿
#가성비 #청소기 #로봇청소기 #파테크
#하이마트 #롯데하이마트 #필립스 #로지텍
#로보락 #드리미 #샤크 #로봇청소기장",https://www.instagram.com/p/Dd5dSljER7M/,post,,로보락,data_raw_instagram_dogfilter_removed.csv,False,True,False,True,구매 전 고민,False
"🚨 청소기 바꿀 생각이었다면, 10월 그냥 넘기지 마세요.

로보락·드리미·샤크 인기 청소기,
지금 정자점에서 한 번에 비교하세요!

🧹 롯데하이마트 정자점 청소기 브랜드 대전

최대 20% 할인부터
놓치면 아쉬운 추가 혜택까지!

✨ 로보락 S10
👉 135만원 (롯데카드 발급·결제 시)

✨ 드리미 AQUA10
👉 59만원

✨ 샤크 IW4271
👉 67만원

🎁 추가 혜택
✔ 로봇청소기장 18만원
✔ 핸디형 청소기 무상증정

로보락? 드리미? 샤크?
뭐가 나한테 맞는지 고민된다면
온라인으로만 비교하지 마세요.

👉 직접 보고, 작동해보고, 비교하고 결정하세요!

📅 행사기간 10/2(금) ~ 10/31(토)
📍 롯데하이마트 정자점
📞 031-719-2002

“청소기 바꿀까?” 생각만 하고 있었다면
이번 10월이 바꿀 타이밍입니다. 👀

※ 행사상품 및 증정 혜택은 적용 조건에 따라 상이할 수 있으며, 수량 소진 시 조기 종료될 수 있습니다. 자세한 내용은 매장으로 문의해주세요.

#롯데하이마트정자점 #로보락 #드리미 #청소기추천 #로봇청소기",https://www.instagram.com/p/Dd5b1HsTnSv/,post,,로보락,data_raw_instagram_dogfilter_removed.csv,False,True,False,True,구매 전 고민,False
"🔥 롯데하이마트 마리오아울렛점 청소기 브랜드 대전!

📅 행사기간 : 10/2(금) ~ 10/31(토)

✨ 최대 20% 할인 혜택!

🏠 인기 청소기 브랜드를 한자리에서 만나보세요!

🧹 로보락 S10 — 135만원
🧹 드리미 AQUA10 — 59만원
🧹 샤크 IW4271 — 67만원
🧹 로봇청소기장 — 18만원

🎁 구매 조건에 따른 추가 증정 혜택까지!

로봇청소기부터 무선청소기까지, 우리 집에 꼭 맞는 청소기를 직접 비교하고 구매하세요.

📍 롯데하이마트 마리오아울렛점
🏢 서울 금천구 벚꽃로 266 마리오아울렛 3관 8층
☎️ 02-6953-7410

💛 점장찬스! 부점장 추천 혜택도 매장에서 확인하세요.

#롯데하이마트 #마리오아울렛점 #청소기브랜드대전 #로봇청소기 #로보락 #드리미 #샤크청소기 #가전할인 #청소기추천 #금천구가전 #하이마트행사",https://www.instagram.com/p/Dd5bqpIk5CQ/,post,,로보락,data_raw_instagram_dogfilter_removed.csv,False,True,False,True,구매 전 고민,False
"청소기 바꿀 타이밍, 10월 혜택으로 만나보세요! 🧹✨

🔥 롯데하이마트 대치점 청소기 브랜드 대전
최대 20% 할인!

📅 행사기간
10월 2일(금) ~ 10월 31일(토)

✔ 로보락 S10 135만원
※ 롯데플래티넘휴카드 결제 시 적용
✔ 드리미 AQUA10 59만원
✔ 샤크 IW4271 67만원

청소 공간까지 깔끔하게 ✨
로봇청소기장 18만원!

자세한 증정 조건은 매장에서 확인해주세요.

우리 집에 맞는 청소기를 찾고 있다면?
롯데하이마트 대치점에서 비교하고 혜택도 챙겨보세요 ❤️

#롯데하이마트 #롯데하이마트대치점 #하이마트대치점 #청소기브랜드대전 #로보락 드리미 샤크 로봇청소기 청소기할인 대치동",https://www.instagram.com/p/Dd5USb5TISA/,post,,로보락,data_raw_instagram_dogfilter_removed.csv,False,True,False,True,구매 전 고민,False
"🔥 10월 하이마트 하남미사점 브랜드대전 🔥

✨ 다이슨 브랜드대전
에어랩 40.9만원
V12 44.9만원
V10 옵틱 69만원
뉴로비 98만원 ※ 플랜 적용 시

🧹 청소기 브랜드대전
로보락 플랜카드 적용 135만원
드리미 AQUA 59만원
샤크 IW4271 67만원
로봇청소기장 18만원 ⭐ 연중 최저
40만원 이상 구매 시 핸디형 청소기 무상증정

10월 청소기 고민 중이라면
하남·강동 최대규모 하이마트 하남미사점에서
브랜드별 인기 제품과 혜택을 한 번에 비교해보세요.

📍 경기도 하남시 미사대로 480, 조정경기장 맞은편
📞 031-8027-6812
⏰ 10:00~20:00

※ 행사 및 혜택은 매장 상황에 따라 조기 종료될 수 있습니다.

#하이마트하남미사점 #다이슨 #청소기 #로보락 #하남가전",https://www.instagram.com/p/Dd5OXSagUG7/,post,,로보락,data_raw_instagram_dogfilter_removed.csv,False,True,False,False,구매 전 고민,False
"🧹 청소기 바꿀 거라면, 10월은 그냥 지나치지 마세요!

롯데하이마트 광명롯데몰점 🔥 청소기 브랜드 대전 🔥

로봇청소기부터 무선청소기까지! 
인기 청소기 브랜드를 한자리에서 비교하고
 특별한 가격으로 만나보세요.

✔ 최대 20% 할인
 🤖 로보락 S10 135만원(롯데카드 발급 결제시)
 💦 드리미 AQUA10 59만원 
✨ 샤크 IW4271 67만원

여기에 추가 혜택까지!

✔ 로봇청소기장 18만원 
✔ 핸디형 청소기 무상증정

청소기는 직접 보고 비교해봐야 제대로 고를 수 있습니다.

로보락? 드리미? 샤크? 고민하지 마시고 광명롯데몰점에서 직접 비교해보세요!

📅 행사기간 : 10/2(금) ~ 10/31(토) 
📍 롯데하이마트 광명롯데몰점 4F 
☎ 02-6226-2400

※ 행사상품 및 증정 혜택은 적용 조건에 따라 상이할 수 있으며, 수량 소진 시 조기 종료될 수 있습니다. 자세한 내용은 매장으로 문의해주세요.

#광명롯데몰 #롯데하이마트광명롯데몰점 #로보락 #드리미 #로봇청소기",https://www.instagram.com/p/Dd2i7ceyvFE/,post,,로보락,data_raw_instagram_dogfilter_removed.csv,False,True,False,True,구매 전 고민,False
"📢 강동이케아 하이마트 고덕점 구독 BEST 3

요즘 가장 문의가 많은 구독 상품은? 👀

매달 부담은 줄이고,
필요한 가전은 합리적으로 이용할 수 있는
하이마트 구독 상품을 소개합니다!

🥇 샤크 무선청소기 LC751KRLV
💰 혜택가 월 10,661원

🥈 힘펠 복합환풍기 휴젠뜨 팔레트
💰 혜택가 월 4,075원

🥉 로보락 로봇청소기 S10 MaxV Ultra
💰 일반형 월 37,247원
💰 직배수형 월 42,416원

⭐ 혜택가 적용 기준

✔ 우리제휴 구독 36개월
✔ 월 30만원 이용조건부 충족 시
✔ 9월 30일까지 적용
⚠️ 10월부터 가격 인상 예정

💡 구독구매 TIP
구독은 번거로운 구매 방식이 아닙니다.
하이마트에서 제안드리는 일반구매보다 합리적인 구매 방식으로,
제품과 혜택을 꼼꼼하게 비교해보세요!

📍 강동구 이케아 B1 롯데하이마트 고덕점
☎️ 02-6956-4461

📆 네이버에서 ‘하이마트고덕’ 검색 

궁금한 상품이나 구독 조건이 있다면
전화 또는 방문 상담으로 편하게 문의해주세요! 😊

#강동구이케아 #하이마트고덕점 #구독가전 #샤크 #로보락",https://www.instagram.com/p/DdwAa-mJfXq/,post,,로보락,data_raw_instagram_dogfilter_removed.csv,False,True,False,False,구매 전 고민,False
"📢 강동이케아 하이마트 고덕점 구독 BEST 3

요즘 가장 문의가 많은 구독 상품은? 👀

매달 부담은 줄이고,
필요한 가전은 합리적으로 이용할 수 있는
하이마트 구독 상품을 소개합니다!

🥇 샤크 무선청소기 LC751KRLV
💰 혜택가 월 10,661원

🥈 힘펠 복합환풍기 휴젠뜨 팔레트
💰 혜택가 월 4,075원

🥉 로보락 로봇청소기 S10 MaxV Ultra
💰 일반형 월 37,247원
💰 직배수형 월 42,416원

⭐ 혜택가 적용 기준

✔ 우리제휴 구독 36개월
✔ 월 30만원 이용조건부 충족 시
✔ 9월 30일까지 적용
⚠️ 10월부터 가격 인상 예정

💡 구독구매 TIP
구독은 번거로운 구매 방식이 아닙니다.
하이마트에서 제안드리는 일반구매보다 합리적인 구매 방식으로,
제품과 혜택을 꼼꼼하게 비교해보세요!

📍 강동구 이케아 B1 롯데하이마트 고덕점
☎️ 02-6956-4461

📆 네이버에서 ‘하이마트고덕’ 검색 → 예약 후 상담

궁금한 상품이나 구독 조건이 있다면
전화 또는 방문 상담으로 편하게 문의해주세요! 😊

#강동구이케아 #하이마트고덕점 #구독가전 #샤크 #로보락",https://www.instagram.com/p/Ddv-LPbFJdL/,post,,로보락,data_raw_instagram_dogfilter_removed.csv,False,True,False,False,구매 전 고민,False
"✨ 프리미엄 청소기, 특별한 혜택으로 만나보세요!

🖤 롯데하이마트 마리오아울렛점
💛 다이슨 브랜드 대전 진행 중!

🎉 최대 20% 할인 혜택

✔️ 다이슨 에어랩 — 40.9만원
✔️ 다이슨 V12 — 44.9만원
✔️ 다이슨 V10 옵틱 — 69만원
✔️ 로봇청소기 뉴로비 — 98만원

🎁 행사 구매 조건에 따라 추가 증정 혜택까지!

평소 관심 있었던 다이슨 제품을 직접 비교하고, 다양한 구매 혜택도 매장에서 확인해 보세요.

📍 롯데하이마트 마리오아울렛점
🏢 마리오아울렛 3관 8층
☎️ 02-6953-7410

🔥 프리미엄 가전 라이프의 모든 것!
방문 상담으로 제품별 행사 조건과 증정 혜택을 확인하세요.

#롯데하이마트 #마리오아울렛 #다이슨 #다이슨에어랩 #다이슨V12 #다이슨V10 #로봇청소기 #다이슨할인 #가전행사 #프리미엄가전 #하이마트추천

※ 가격 및 사은품은 행사 조건과 재고에 따라 달라질 수 있으므로 구매 전 매장에 확인해 주세요.",https://www.instagram.com/p/Dd5bwYokxkX/,post,,로봇청소기,data_raw_instagram_dogfilter_removed.csv,False,True,False,True,구매 전 고민,False
"침구관리 알아서 해주는 청소기가 있다고? 👀

💬 댓글이나 남겨주시면 제품 먼저 확인하실 수 있게
DM으로 빠르게 보내드릴게요!

_

침구 관리해야 하는 건 알지만
돌돌이만 하기엔 뭔가 부족한 것 같고,
무거운 침구청소기를 매번 밀기는 부담스럽고😥

그렇다고 안 하자니
비염이며 집먼지진드기며 자꾸 신경 쓰이잖아요;;
이불 빨래를 매일 할 수도 없고요ㅠ

그래서 1년 전에 들인 게
에브리봇 로봇 침구청소기예요🤍

직접 밀 필요 없이 올려두면 알아서 청소하니까
오히려 손으로 하던 때보다
훨씬 자주 관리하게 되더라고요.

_

📌 1년 넘게 써본 에브리봇 체크포인트
✔️ 침구에 특화된 진동 청소
분당 15,000회 고속 회전하는 진동 롤러가
섬유 사이 먼지와 각질을 털어 흡입해요.

✔️ 먼지 흡입 + UV-C 살균을 한 번에
4개의 UV-C 램프가 청소하는 동안 함께 작동해요.
*시험 조건에 따른 진드기·박테리아 99.9% 제거

✔️ 올려두면 알아서 청소
낙하 방지 센서가 침대 끝을 감지해 방향을 바꾸니까
침대 맡겨두고 저는 다른 청소합니다

✔️ 상황에 따라 4가지 청소모드
가볍게 돌릴 때부터 꼼꼼하게 관리하고 싶을 때까지
침구 상태에 맞춰 골라 써요.

✔️ 무선이라 침대 2개도 거뜬 🔋
풀충전하면 저희 집은
부부침대 + 아이방 슈퍼싱글까지 한 번에 돌려요.
소파나 러그에도 사용하고 있고요.

_

가격은 23만 원대 + 필터 2개 추가 증정까지!

제가 1년 넘게 실제로 써본 제품이라
찐 추천드려요! 

내일 오전 11시 바로 OPEN 할게요❤️

#침구청소 #로봇청소기 #에브리봇침구청소기",https://www.instagram.com/p/Dd1JZ8-k7Ip/,post,,로봇청소기,data_raw_instagram_dogfilter_removed.csv,False,True,False,False,구매 전 고민,False
".
9월의 미션, #로봇청소기 구매 완료💕
-
✅ 언젠가 로봇청소기도 하나 사야지, 생각은 오래 하고 있었는데, 때마침(?) 고장난 물걸레청소기를 핑계로,

이때를 놓치지 않고, #로보락로봇청소기 구매 미션 클리어➰

✅ 그나저나, 세상에! 이 좋은 걸 나만 모르고 있었네ㅠ

알아서 척척 물걸레 청소까지 싹 해주고, 물걸레도 세척+건조까지 알아서 다 해주니, 삶의 질 수직 상승🤩

그동안 아들래미가 간식 먹고 대리석 바닥 얼룩 테러하고, 내 머리카락이 집안 곳곳을 지뢰밭을 만들고 다녀 고통 받았는데, 이제 긴긴 청소지옥에서 해방이로구만💃

✅ 그와중에, 게릴라 같은 할인날짜를 기가 멕히게 캐치해, 10만원 싸게 산 내 자신이 몹시 뿌듯함 주의🙈
.
#로보락큐레보 #로보락큐레보엣지C",https://www.instagram.com/p/Dd0eH8fmJh0/,post,,로봇청소기,data_raw_instagram_dogfilter_removed.csv,False,True,False,True,구매 전 고민,False
"로봇청소기, 가격만 보고 고르기 전에 👀
우리 집 설치 공간, 관리 기능, 소모품 비용까지 꼭 확인하세요.
저장해두면 제품 비교할 때 편해요 🧡

※ 직접 사용 후기가 아닌 구매 체크리스트입니다. 모델별 사양을 확인해주세요. 이미지는 AI로 제작했습니다.
#모아픽 #로봇청소기 #구매가이드 #생활가전",https://www.instagram.com/p/DdyaOrWFPXk/,post,,로봇청소기,data_raw_instagram_dogfilter_removed.csv,False,True,True,False,구매 전 고민,False
"🍁 롯데하이마트 침산점 10월 메가세일 확정! 🍁
이사·혼수 가전 준비하고 계신다면
이번 10월 행사는 꼭 비교해보세요🔥
냉장고부터 TV, 세탁기·건조기,
로봇청소기, 안마의자, 주방가전, 휴대폰까지!
필요한 가전을 한자리에서 상담받으실 수 있습니다.
📅 사전 행사
9월 28일(월) ~ 10월 8일(목)
🔥 본행사
10월 9일(금) ~ 10월 11일(일)
특히 이사·혼수 고객님들은
여러 품목을 함께 비교하시면 더욱 좋은 조건으로 상담 가능합니다.
가전 가격 만큼은 정말 자신 있습니다.
온라인으로만 비교하지 마시고 침산점에서 직접 견적 받아보세요!
📍 롯데하이마트 침산점
대구 북구 중앙대로 598
☎️ 가전문의 053-341-1110
#롯데하이마트 #하이마트침산점 #롯데하이마트침산점 #대구가전 #대구가전할인 #대구가전매장 #대구혼수가전 #대구이사가전 #혼수가전 #이사가전 #10월메가세일 #가전세일 #냉장고 #TV #세탁기 #건조기 #로봇청소기 #안마의자 #주방가전 #휴대폰 #대구북구가전 #침산동가전",https://www.instagram.com/p/DdyVb7FGlLp/,post,,로봇청소기,data_raw_instagram_dogfilter_removed.csv,False,True,False,True,구매 전 고민,False
"최근 로봇청소기 고민 중이신 분들 많으시죠? 저도 집안일 좀 줄여보려고 이것저것 찾아보다가 이번에 코웨이 신제품을 알게 되었는데요.

가전 브랜드에서 나온 제품이라 렌탈 서비스가 잘 되어 있다는 점이 눈에 띄더라고요. 다만, 단순히 이름만 보고 결정하기엔 챙겨야 할 부분들이 꽤 있었습니다. 

직접 찾아보면서 정리한 핵심 포인트 몇 가지 공유해볼게요.

1️⃣ 보안 설정은 선택이 아닌 필수예요

카메라가 달린 가전이라 해킹 걱정되시는 분들 많으시죠? 저도 처음엔 그 부분이 가장 신경 쓰였거든요.

조선일보 보도를 확인해보니 카메라와 센서를 활용하는 만큼 보안 설정이 정말 중요하다고 하더라고요. 전용 앱에서 2단계 인증을 꼭 활성화하고, 초기 비밀번호도 반드시 복잡하게 바꾸는 게 좋겠어요.

2️⃣ 렌탈과 일시불, 총금액을 계산해보세요

매달 나가는 렌탈료는 부담이 적지만, 전체 계약 기간 동안 내야 할 돈을 합쳐보면 일시불보다 비싼 경우가 많아요.

저도 직접 엑셀로 계산기를 두드려봤는데 생각보다 차이가 꽤 나더라고요. 렌탈은 관리 서비스가 포함된 대신 위약금 조항이 있으니, 계약 전 총비용을 꼼꼼히 따져보는 과정이 꼭 필요합니다.

3️⃣ 브랜드 이름보다 성능을 먼저 보세요

정수기로 유명한 곳이라 믿고 구매하려는 분들도 계실 텐데, 기존 로봇청소기 전문 브랜드와는 성능 면에서 차이가 있을 수 있어요.

직접 제품 상세를 살펴보니 중국 제조 기반으로 운영되는 형태더라고요. 내가 원하는 흡입력과 자율주행 센서 성능이 충분한지 다른 제품들과 비교해보는 게 현명한 선택인 것 같습니다. 💡

가전 구독 서비스를 이용하면 AS나 소모품 관리는 편하지만, 장기적인 비용과 보안까지 고려하면 신중해야겠더라고요.

여러분은 가전 제품 고를 때 어떤 점을 가장 중요하게 생각하시나요? 여러분만의 체크리스트가 있다면 댓글로 공유해주세요! 💬

#로봇청소기 #가전제품 #코웨이로봇청소기 #살림꿀팁 #가전구독 #렌탈서비스 #스마트홈 #보안설정 #내돈내산준비 #생활가전 #로봇청소기비교 #살림템 #가전렌탈 #스마트가전 #일상기록

보다 자세한 사항은 쉐어조아 블로그를 통해 확인하실 수 있습니다 !",https://www.instagram.com/p/Ddv0Znak4Nx/,post,,로봇청소기,data_raw_instagram_dogfilter_removed.csv,False,True,True,False,구매 전 고민,False
"엘지 청소기 구독, 무선부터 로봇까지

이제 엘지 청소기 구독으로 내 취향은 물론
라이프 스타일에 맞추어 생활해보세요.

현재 LG에는 로봇을 시작으로 무선 타입 등
다양한 모델이 있어 생활 환경에 딱 맞추어
준비하실 수 있습니다.

[라인업 간편 요약]
1) 로봇 청소기
LG HOM-BOT AI (오브제 스테이션)
LG HOM-BOT AI (히든 스테이션)
LG 코드제로 AI (자동급배수/프리스탠딩)
LG 코드제로 M9 (물걸레 전용)

2) 무선 청소기
LG 코드제로 AI (A9, A7, A5)

그리고 모델에 따라 흡입, 스팀, 물걸레 등의
기능까지 요금별로 선택하실 수 있고~

자동 케어 서비스도 포함, 제외하실 수 있어
편의성도 고르실 수 있습니다.

여기에 주요 소모품까지 시기별로 배송되며
배터리도 무상 교체받으실 수 있어 신경 쓸
필요없이 손쉽게 청소만 하시면 됩니다.

 
1644-7451

#엘지청소기구독 #홈봇로니 #로봇청소기 #코드제로 #무선청소기 스팀물걸레 강력한흡입 자동세척건조 자동급배수 배터리교체 무상AS 최대혜택",https://www.instagram.com/p/Ddu4duUJp3x/,post,,로봇청소기,data_raw_instagram_dogfilter_removed.csv,False,True,False,False,구매 전 고민,False
"심장: 다시 뜨거워질게!!!!!

✨제 6회 서해구 청소년 SPORTS FESTIVAL 전국 접수 진행중✨

농구·피구·풋살·발로란트 경기부터 가족체육대회와 체험부스까지! 잊고 지냈던 스포츠의 짜릿함을 다시 느끼고 싶다면 지금 바로 신청하세요😉

✔️ 예선: 2026. 10. 18(일)
✔️ 본선: 2026. 10. 25(일)
✔️ 장소: 인천 서해구청소년센터 일원
💰 총상금: 680만원

🎯 모집대상
- 농구 : 14세-19세 청소년 중등부 8팀, 고등부 8팀 (3명 출전+2명 교체)
- 피구 : 14세-19세 여자 청소년 중등부 8팀, 고등부 8팀 (8명 출전+ 2명 교체)
- 풋살 : 14세-19세 청소년 중등부 8팀, 고등부 8팀 (5명 출전+2명 교체)
- 발로란트: 15세-19세 청소년 32팀 (5인 출전+1명 교체)
- 가족 체육대회 : 만 9세-18세 청소년을 포함한 가족 30팀 (3인 1팀)
*가족 구성에 따라 2인 가족도 참가 가능, 4인 이상 가족은 후보팀으로 접수*

🎈 함께 즐기는 부대행사
- 발전 4사 ESG 체험존 · 헬스케어존 · 치어풀존 · Sports존 · 자치기구존

🎁 특별 이벤트 - 럭키드로우 경품 대방출
- 1등 로봇청소기
- 2등 캡슐 커피머신
- 3등 냉온열 마사지건
- 올리브영/배달의 민족 기프티콘
그 외 다양한 상품들은 현장에서 확인하세요!

📍 신청 정보
- 접수기간 :
[1차 접수] 서해구 관내: 2026.09.03.(목) ~ 10.12.(월)
[2차 접수] 전국 확대: 2026.09.14.(월) ~ 10.12.(월)
*선착순 모집/인천 거주자 우선 선발*
- 참가신청 :
 링크 접속 -> 종목 선택 -> 구글폼 접수
- 문의 :
 오픈채팅방 문의",https://www.instagram.com/p/Dd0Mdz7E2v8/,post,,로봇청소기,data_raw_instagram_dogfilter_removed.csv,False,True,False,True,구매 전 고민,False
"로봇청소기 고르는 법

흡입력은 5,000~7,000Pa면 일반 가정에 충분합니다.
✔ 청소에 손을 아예 안 대고 싶다 → 자동 비움 + 물걸레 자동 세척·건조가 있는 올인원
✔ 흡입만 맡기고 물걸레는 직접 한다 → LDS 센서 좋은 기본형으로 충분
✔ 반려동물이 있다 → 장애물 회피 성능과 털 엉킴 방지가 흡입력보다 먼저

비교표·체크리스트까지 정리한 글은 블로그에 있어요.

#로봇청소기 #로봇청소기추천 #로봇청소기고르는법 #물걸레로봇청소기 #올인원로봇청소기 #자동비움 #가전추천 #생활가전 #맞벌이가전 #신혼가전 #옆집이야기 #생활정보 #살림꿀팁",https://www.instagram.com/p/Dds_A0LjFZ-/,post,,로봇청소기,data_raw_instagram_dogfilter_removed.csv,False,True,False,False,구매 전 고민,False
"퇴근하고 알아봄 #01 🐾
매일 청소는 시키면서
우리 집 막내 직원(?) 월급이 얼마인지는 한 번도 생각해본 적이 없었습니다. 
그래서 알아봤어요.
로봇청소기 매일 돌리면 전기세가 얼마나 나오는지.
알아보니 생각보다 완전히 부담되는 수준은 아니었지만,
단순 청소형인지 / 자동 먼지비움·물걸레 세척·건조까지 되는 올인원인지에 따라 차이가 꽤 있더라고요.
그래도 매일 집안일을 해주는 값이라고 생각하면
가을이네는 꽤 괜찮다고 느꼈습니다. 😺
여러분 집 로봇청소기도 거의 매일 돌리시나요?
다음엔 또 뭘 알아보면 좋을지 댓글로 알려주세요!

#퇴근하고알아봄 #인스타툰 #생활툰 #정보툰 #직장인툰 #생활꿀팁 #로봇청소기 #전기세 #전기요금 #가전꿀팁 #신혼생활 #가을이툰",https://www.instagram.com/p/DdqbE1nk48j/,post,,로봇청소기,data_raw_instagram_dogfilter_removed.csv,False,True,False,False,구매 전 고민,False
"#내돈내산 나르왈 프레오 Z 울트라
포메라니안 5마리 털 갈이시기를 감당하기 버거워서
사게 된 로봇청소기 이모님💛
지금까지 기다렸다가 사길 잘했다고 느껴질 정도로
강아지 털 뭉탱이는 물론이고 물걸레까지 완벽히 척척척 해내는 중!
강아지 매트도 트월킹 하면서 잘 올라가고
브러시에 털이 엉키지 않아서 흡입력 테스트까지 완벽
잘 지내보자 로청아🥰
.
.
.
#로봇청소기 #로봇청소기추천 #나르왈 #나르왈로봇청소기
#신제품출시 #프레오z울트라 #로봇청소기강아지",https://www.instagram.com/p/DBWSQo4znnx/,post,2024-10-20,로봇청소기강아지,data_raw_instagram.csv,True,False,True,True,구매 후(후기),False
"메가주에서 로봇청소기 구매했는데, 너무 만족 중이에요! 고양이 모래 사막화에서 해방되었어요🥹",https://www.instagram.com/p/DKI9A1zP0hW/#c18068732195507819,comment,2025-05-28,펫캠,data_raw_instagram.csv,False,False,True,False,구매 후(후기),False
"이 포스팅은 BESPOKE AI 스팀 소개 목적으로 삼성전자로부터 제품을 지원 받아 작성되었습니다.

가끔씩 반려견 시루를 집에 혼자 두고 외출할 일이 있는데,
혼자서 잘 지내는 건가 궁금하기도 하고, 걱정도 되고 하거든요?!
그런데 비스포크 AI 스팀 로봇청소기는
펫 케어 기능이 있지 뭐예요?!!! 

외출을 가정하고, 스마트싱스 앱에서,
우리 집 모니터링 – 반려동물 찾기를 하면 실시간으로 비스포크 AI 스팀에 장착된 카메라로 반려견을 찾아줍니다. 
너무 신기했어요! ㅎㅎㅎ 집안 곳곳을 돌아다니면서 반려견을 탐지하고
찾으면 알림 메시지도 보내준답니다. (고양이도 인식할 수 있대요!)
짖음을 감지해서 짖음 횟수도 기록해 주네요!
그리고 혼자 있는 반려견을 위해서 정서적으로 안정되고 심심하지 않게 음악과 영상까지 틀어준답니다
이 정도면 반려견을 위한 AI 집사라고 불러야 할 것 같네요! ㅋㅋㅋ

스마트싱스로 사용할 수 있는 기능이 몇 개 더 있는데요~!
빅스비 음성 컨트롤이 되어서, 바로 음성으로 로봇청소기를 작동시킬 수도 있고
귀가한 아이를 대신 마중해 주는 기능도 있어서 특히 맞벌이하시는 가정에서 많이 활용하실 듯해요.

아무래도 집 안 곳곳을 돌아다니는 카메라 달린 가전이라 보안 걱정에 사용을 망설이시는 분들도 많은데,비스포크 AI 스팀은 촬영된 이미지와 영상들을 삼성의 Knox 보안 기술로 보호해 주고,
글로벌 안전과학 회사 UL Solutions의 사물인터넷 보안 성능 평가 에서
최고 등급인 다이아몬드 등급을 취득했는데, 이는 로봇청소기 업계 최초라고 합니다.
스트리밍 영상은 클라우드에 저장되지 않으며, 녹화 영상은 24시간 동안만 클라우드에 보관되고 삭제되니
안심하고 사용할 수 있겠죠? 

저처럼 청소 귀차니즘이 있으시거나, 반려동물을 키우는 집이시라면,,,
비스포크 AI 스팀을 적극 추천드립니다

로봇청소기가 집안 곳곳의 작은 장애물도 피해 가며,
꼼꼼하게 청소하려는 굳은 의지를 확인했습니다!ㅎ 
먼지 흡입부터 물걸레 청소까지 꼼꼼하게 해주고 물걸레 관리도 알아서 해주는 똑똑한 올인원 로봇청소기에요.
매일 바닥에 뭉쳐 돌아다니던 반려견 털도 눈에 띄게 안 보이는 것 같고요!

아무리 로봇청소기가 청소를 해준다 하더라도 결국 청소 앞뒤로 제가 사전 정리도 해야 되고 로봇청소기가 놓친 청소도 마저 했어야 하는데
비스포크 AI 스팀은 정말 혼자! 알아서! 청소의 시작부터 끝까지 챙겨주니까 
직접 바닥 청소하는 시간이 현저히 줄어들어 제 여가 시간이 더 늘어나서 좋긴 한데, 
점점 게을러져서 큰일이네요…ㅎㅎㅎ 

매일 우리 집 바닥 청소해주시는 로청 집사님 고생 많으십니다. ^^
그럼 이만…ㅎㅎㅎ

—
#삼성BESPOKEAI스팀 #비스포크AI스팀 #BESPOKEAI스팀앰버서더 #삼성로봇청소기 #올인원로봇청소기 #AI가전 #세상에없던AI라이프 #삼성전자 #검증된보안 #스마트싱스
#인테리어 #최애템 #가전제품 #주부스타그램 #강아지필수템 #강아지홈캠 #거실인테리어 #홈스타그램",https://www.instagram.com/p/C7nrEiRpAZO/,post,2024-05-31,강아지홈캠,data_raw_instagram.csv,True,False,False,True,기타,False
츄이 이제 늠르음 해졌고나 무려 로봇청소기옆에서 귀를 벅벅 😂😂😂 임모는 대견하다 우리 츄이🐶👍,https://www.instagram.com/p/ChbFWjxJqCq/#c18022683247408646,comment,2022-08-20,로봇청소기강아지,v1/data_raw_v1_instagram.csv,False,False,False,False,기타,False
물걸레 청소기라니~~너무 좋을꺼 같아용❤👍,https://www.instagram.com/p/CYwK3oPJw4X/#c17897817824394970,comment,2022-01-17,로봇청소기강아지,v1/data_raw_v1_instagram.csv,False,False,False,False,기타,False
우와 물걸레 청소기는 정망 신문물이네요!!!👏👏,https://www.instagram.com/p/CYwK3oPJw4X/#c17843181152721637,comment,2022-01-16,로봇청소기강아지,v1/data_raw_v1_instagram.csv,False,False,False,False,기타,False
물걸레 로봇청소기 짱이에욤👏 아가들이 무서워 하지 않아서 다행이에욤ㅎㅎ,https://www.instagram.com/p/CYwK3oPJw4X/#c17991661660424643,comment,2022-01-15,로봇청소기강아지,v1/data_raw_v1_instagram.csv,False,False,False,False,기타,False
"X50 출시기념 세번째 SNS 인증샷 이벤트

25년 가장 𝐶ℎ𝑖𝑙𝑙 로봇청소기 X50
로봇이랑 뭉𝐶ℎ𝑖𝑙𝑙 준비 되셨나요?

드리미 X50의 𝐶ℎ𝑖𝑙𝑙
직접 쓴 짧은 메시지와 함께 SNS를 통해 소개해 주세요!

선착순 500분께 #네이버페이포인트 5천원을 드립니다.

📅 기간 : 기간ㅣ2.12(수) – 2.28(금)
🎁 경품 : N페이 포인트(5,000원) 선착순 500명

< 참여 방법 >
① 온 · 오프라인이나 실제 사용 중이신 
드리미 X50 제품 사진을 필수 문구와 함께 촬영해주세요!
( 필수 문구 : 가장 chill한 로봇청소기 X50 )

② SNS에 필수 해시태그와 함께 
공유하고 참여폼을 작성하면 끝!
( 필수 해시태그 : #로봇청소기 #드리미 #x50 #chill )

더 자세한 내용을 지금 바로
네이버에 ‘드리미’를 검색해보세요!

* 유의사항
- 화면을 캡쳐 하거나 타인의 사진을 도용하는 
행위 및 정상참여 식별이 불가능할 정도로 과도하게 
확대되거나 편집된 게시글의 경우 당첨 대상에서 제외될 수 있습니다",https://www.instagram.com/p/DF9L7JUh0n_/,post,,강아지로봇청소기,data_raw_instagram_dogfilter_removed.csv,False,False,True,True,구매 후(후기),False
"*
뉴페이스 검문중🧐
제리야 발톱소리에 아빠 마음 찢어진댄다ㅋㅋㅋㅋㅋㅋㅋㅋㅋㅋ

근데 제리맨 너무나도 강약약강 갱얼쥐구먼,,
덩치 작은 라일리는 사정없이 줘패더니,, 덩치큰 로청한테는 한없이 조심스럽네,,😅",https://www.instagram.com/p/CaD29KFpw2i/,post,,강아지로봇청소기,data_raw_instagram_dogfilter_removed.csv,False,False,False,False,기타,False
"우리집 새로운 식구♡
청소기 자꾸 고장나서 #로봇청소기 사보림🥰
하루밖에 사용안했지만 너무 좋다 ㅠㅠ
⠀
아니 근데 ㅋㅋㅋㅋ
산이 식기 자꾸 밀어버려가지구^^
금지구역으로 설정해줌 ㅋㅋㅋ 그뒤로 잘 피해감!
신기방기😍
⠀
30분정도 맵핑하며 집 전체 청소했는데
산이 털 실화냐 ?
⠀
⠀
⠀",https://www.instagram.com/p/CQgIDnlnRg6/,post,,강아지로봇청소기,data_raw_instagram_dogfilter_removed.csv,False,False,False,False,기타,False
"우리 페퍼는 로봇청소기가 다가오면
항상 컴퓨터 옆 가벽 틈으로 숨는다.
엄청 작은 틈인데
아직도 쪼꼬미라 ㅋㅋㅋ
안쓰러운데 귀여워 ㅜㅜ ㅋㅋㅋㅋ

#페퍼 #로봇청소기무서워 #냥스타그램
#캣스타그램 #집사그램 #고양이일상",https://www.instagram.com/p/DKTlAHYygOW/,post,,로봇청소기무서워,data_raw_instagram_dogfilter_removed.csv,False,False,False,False,기타,False
"작은 집사가 이상한 물건을 사왔다...
이녀석은 뭐냐? 말도 하고,청소도 하고 물걸레질에
알아서 걸레세척.통비우기까지...
이녀석은 만만한 녀석이 아니다.
냥펀치 때려서 소용없다.
너...뭐냐...?(꼬맹이관점..)
딸~~고마워~~
덕분에 엄마가 편하다~~~
오대오,꼬맹이 언능 적응하시오~~
#로봇청소기 #세상편함 #딸최고#고마워#로봇락#로봇청소기무서워
#냥펀치🐾 #하찮은하악질 #귀엽다",https://www.instagram.com/p/DHK-mQkxQT9/,post,,로봇청소기무서워,data_raw_instagram_dogfilter_removed.csv,False,False,False,False,기타,False
"D+293 24.11.10 바쁜하루
아침 모닝청소중에 청소이모님 만난 라고! 궁금하지만 너무 무서워한다 ㅋㅋㅋ 낮잠자는동안에는 단풍잎같은 손 보여주구~~
오후엔 백화점 나들이 살짝하고 돌아오는 길에는 양말먹방까지
양말을 왜 좋아하는거야…? 발은 못먹으니까 양말이라도??
다시 소고기스틱먹여보고 있는데 잘 못먹는다
그냥 빨아먹기정도??? 너무 엉망으로 먹어서 목욕하고 걸음마 연습까지 했다. 걸음마보조기 나름 잘한다!

#9개월아기 #로봇청소기무서워 #백화점나들이 #소고기먹방 #양말좋아 #걸음마 #걸음마보조기 #바쁜하루",https://www.instagram.com/p/DCwY1yES6VR/,post,,로봇청소기무서워,data_raw_instagram_dogfilter_removed.csv,False,False,False,False,기타,False
"인사해 로봇청소기는 처음이지?
앞으로 친하게 지내자 만봇 🧹",https://www.instagram.com/p/C_HIYS0zhXI/,post,,로봇청소기무서워,data_raw_instagram_dogfilter_removed.csv,False,False,False,False,기타,False
"빈집털이 시도중ㅋㅋㅋ
로봇청소기 왜이렇게 좋아하니...😂
시도때도 없이 틀어달라고.. 자기는 무서워서 못틀겠는지 나 보고 자꾸 틀어달라함🤣🤣
청소기 돌아가면 구경하거나 쫓아감ㅋㅋ 가까이 오면 도망가면서..ㅎ 
그와중에 로봇청소기 충전하는데가서 또 만져보려고 눈치보는 중ㅋㅋ 
#9개월아기 #로봇청소기무서워 #아기와로봇청소기 #아기여워💕",https://www.instagram.com/p/C6dtqUvvFds/,post,,로봇청소기무서워,data_raw_instagram_dogfilter_removed.csv,False,False,False,False,기타,False
"로봇청소기가 생기고 그녀는 옷방에 들어오질 못한다 ㅋ 움직이는 기특한 녀석 보자마자 뿌앵 우는 그녀 ㅋ 덕분에 서랍장 열어 속옷, 양말, 옷들 난장판 안만들어 좋긴 하다만, 친해지길 바래~~#14개월아기 #로봇청소기무서워 #쫄보아기 #친해지길바래",https://www.instagram.com/p/C5TXiAOxaj9/,post,,로봇청소기무서워,data_raw_instagram_dogfilter_removed.csv,False,False,False,False,기타,False
"2024.3.27 D+341🐰 보넷 뜯뜯… 덕분에 상태 너덜너덜😮

#선유의성장일기#소금이#선유는11개월#baby#생후11개월#액자사러가야지#유모차산책#보넷뜯뜯#베네베네보넷#맴찢#걸음마신발#올드솔#슈스앤크라#실리실라스#로봇청소기무서워#신발뜯느라인형은안중에없다😮",https://www.instagram.com/p/C5D6yc-v5e3/,post,,로봇청소기무서워,data_raw_instagram_dogfilter_removed.csv,False,False,False,False,기타,False
"로봇청소기를 경계하는 23개월 아가
#육아스타그램 #로봇청소기무서워",https://www.instagram.com/p/Ct03xRmxdQv/,post,,로봇청소기무서워,data_raw_instagram_dogfilter_removed.csv,False,False,False,False,기타,False
"메갓에게 일자리 잃은 로봇청소기가
#megod #messi #로봇청소기무서워 #내가할테니키지마 #청소하는아기 #울아가취업 #우리집청소부",https://www.instagram.com/p/Cr3sZcOv1eR/,post,,로봇청소기무서워,data_raw_instagram_dogfilter_removed.csv,False,False,False,False,기타,False
"청소기는 무서워..

청소기는 청소만 할뿐인데 보리는 무서워 도망다니기 바빠서 쇼파에 올렸더니 긴장모드..

#로봇청소기무서워
#언제끝나냐고..
#보리🐶",https://www.instagram.com/p/CnUSGSbB7Xx/,post,,로봇청소기무서워,data_raw_instagram_dogfilter_removed.csv,False,False,False,False,기타,False
"너무 귀엽고 웃기고 다하는 은우👶🏻
엄마빠 저녁먹는동안 티딩러스크 먹으며 노래하듯 폭풍옹알이 하더니 투레질💦
ㅋㅋㅋㅋㅋㅋㅋ

로봇청소기 좋다고 따라다니더니 자기쪽으로 오니까 도망가는데 넘 귀여웠다❤️

육아는 정말 힘든데, 그만큼 사랑스럽고 
너로인해 참 행복하다💕

#미치게사랑스러운#8개월아기#8개월20일#9개월아기#개구쟁이#옹알이#투레질#로봇청소기무서워#👶🏻",https://www.instagram.com/p/Ci4xU0bPvGH/,post,,로봇청소기무서워,data_raw_instagram_dogfilter_removed.csv,False,False,False,False,기타,False
"그냥 마구마구 사랑해
내 새꾸들🐥🐥❤️❤️
싸우지마라

 

#남매고양이#고양이#꼬리바보들#로봇청소기무서워#식탁위에식탁#고양이뒷태#사랑스러워#김키위궁댕이#오빠보다더커#어쩔티비🤷🏻‍♀️#cat#catstagram#catsonthetable#havingdinner",https://www.instagram.com/p/CgvnBvmrMA8/,post,,로봇청소기무서워,data_raw_instagram_dogfilter_removed.csv,False,False,False,False,기타,False
"오랜만에 로청을 돌렸더니 아주 깜짝 놀라고 쫒아가고 도망가고 다양허게 다하네...... 지금은 대치중 ㅋㅋ

맨날 하늘이 내보내고 안방만 돌렸는데 ㅋ 거실에서 돌아다니니깐 정신을 못차림 ㅋㅋㅋ

애기땐 충전중인 로청에서 식빵굽고 그랬는데 ㅋㅋㅋ 친하게 지내봐 

#아기고양이하늘이 #냥이일상 #로봇청소기무서워 #로청신기해 #친해지길바래 #고양이 #육묘일기",https://www.instagram.com/p/CgTYYwnJLna/,post,,로봇청소기무서워,data_raw_instagram_dogfilter_removed.csv,False,False,False,False,기타,False
"처음 본 로봇청소기와 대치...

겁쟁이 멍뭉이.. 뒷걸음치면서 왕!!🐶

소리는 왕왕 짖어서 뺐어요ㅎㅎ
처음에는 혼자 움직이는 
로봇청소기가 무서워서 많이 짖었는데..
계속 왔다갔다하니 나중엔 
근처까지 구경하러 기웃거리더라구요ㅎㅎ
하지만 완전 가까이는 못가는 쫄보ㅎㅎ",https://www.instagram.com/p/CZW7ow_lI87/,post,,로봇청소기무서워,data_raw_instagram_dogfilter_removed.csv,False,False,False,False,기타,False
"🤖 로봇청소기 무서워하는 캔디.카오ㅋㅋㅋ

하악질하고 도망가고 난리법석😹
ㅋㅋㅋ

#1일1청소기 #로봇청소기 #냥기겁 
#로봇청소기무서워 #로봇청소기고양이 #도망가자 #ㅋㅋㅋ #냥스타그램",https://www.instagram.com/p/CZOF-oyPkZQ/,post,,로봇청소기무서워,data_raw_instagram_dogfilter_removed.csv,False,False,False,False,기타,False
"D+407
요즘 아파선지, 하루종일 징징 잘 웃지도 않고 조금만 맘에 안들면 두손으로 바닥치며 화내고(웃기지도 않아ㅋㅋ엄마 눈엔 넘나 귀엽지만 웃음참기) 감기때매 몇일째 집콕이라 종일 혼자 왔다갔다 앉아서 노는거 보면 짠하기도 하고 뭘 하고 놀아줘야되나 싶다가도, 먹이고 낮잠 자고 또 먹고 치우고 또 조금 놀다 먹이고 씻기면 잘 시간이네? 

요즘 다시 낮잠 밤잠 둘다 안아재우려니까 몸은 너무 아프고 힘든데 이상하게 힘든만큼 행복하다, 이드니도 왠지 내가 느끼는 행복한 비슷한 걸 느끼는 것 같아서 아이가 원할땐 힘들더라도 많이 안아줘야지 생각했다, 
오늘도 수고했어 너도 나도 🤎💛

#13개월아기#13개월아기발달#열심히크는중#육아일기#아기난방텐트#데코뷰난방텐트 #목욕장난감 #알리익스프레스 #짝퉁#사기당함#목욕극복한아들#로봇청소기무서워#신발부자#아들일상",https://www.instagram.com/p/CXJPmNDvViJ/,post,,로봇청소기무서워,data_raw_instagram_dogfilter_removed.csv,False,False,False,False,기타,False
"집사가 대체 멀 사온걸까???

다른 고양이들 타고 다니던데. 

우리 파니는 그런생각이 1도 없다

#비상사태🚨 
#꼬리넘귀엽
#로봇청소기무서워
#끌까??
#파니오수시간
#냥스타그램",https://www.instagram.com/p/ChqUfY7PFf-/,post,,로봇청소기무서워,data_raw_instagram_dogfilter_removed.csv,False,False,False,False,기타,False
"묘생 8개월차 박알룩 강력한 적수를 만났다.... 로봇청소기 저 놈.... 강하다...

#묘생 #냥스타그램 #개냥이 #개냥이알룩이 #로봇청소기무서워 #야옹 #캣스타그램 #입양첫날❣️",https://www.instagram.com/p/CWfH-pWDVNw/,post,,로봇청소기무서워,data_raw_instagram_dogfilter_removed.csv,False,False,False,False,기타,False
"요즘은 반려 로봇청소기가 한 대씩 있을 정도로
로봇청소기의 수요가 높은데요. 🧹

하지만 수많은 브랜드들과 기능들 때문에
제품 결정에 고난을 겪고 계시나요?? 🥲
이러한 경험을 하고 있는 중이라면
필요한 포인트들만 딱!딱! 뽑아서 정리했답니다. 💡

오늘 선택 가이드를 읽고 필요하셨던
그 로봇청소기를 선택하길 바라요!! 💖

 #로봇청소기 #로봇청소기추천 #로봇청소기🤖 #로봇청소기렌탈 #로보락 #엘지로봇청소기 #코드제로 #로보킹 #삼성로봇청소기 #제트봇 #제트봇ai",https://www.instagram.com/p/DGah-mLoIor/,post,,제트봇,data_raw_instagram_dogfilter_removed.csv,False,False,False,False,기타,False
"🚨PLUX 미니건조기 3K
🔥 299,000원 !! 🔥

✅️번거로운 배수구, 물통이없는 간편설치
✅️PTC 모터로 저소음,저진동 
✅️월 10회 사용기준으로 2,500원

💥 무상보증 5년 !💥

서울 중구 가전1등 매장!
신당동 청구하이마트로 GOGO 🚀

☎️ 02-2254-1411
🚗 서울 중구 신당동 다산로 210

😃 상단 프로필 링크를 통해 카톡친구 추가하시면
비대면 상담 가능합니다~

#삼성 #LG #청소기 #노트북 #냉동고 #로봇청소기 #제트봇 #로청 #로보락 #하이마트 #신당동 #약수동 #TV #냉장고 #세탁기 #에어컨 #갤럭시 #아이폰 #아이패드 #김치냉장고 #PLUX #건조기
#비스포크 #AI",https://www.instagram.com/p/DFgucYWzZHY/,post,,제트봇,data_raw_instagram_dogfilter_removed.csv,False,False,False,False,기타,False
"🚨 신당동 청구하이마트
🩷 엘지 전자 라이프 쇼핑 대축제 🩷 엘라쇼‼️

✅️ LG 그램 초특가! (오피스,로지텍 키보드,마우스증정)
✅️ 오브제 냉장고 830리터 149만!
🎁 혼수,입주,이사 세트 특가행사~
😲 전시상품 최고 55% 할인
✅️ 최대 36개월 무이자 !! 

서울 중구 가전1등 매장!
신당동 청구 하이마트로 GOGO 🚀

☎️ 02-2254-1411
🚗 서울 중구 신당동 다산로 210

😃 상단 프로필 링크를 통해 카톡친구 추가하시면
비대면 상담 가능합니다~

#삼성 #LG #청소기 #노트북 #냉동고 #로봇청소기 #제트봇 #로청 #로보락 #하이마트 #신당동 #약수동 #TV #냉장고 #세탁기 #에어컨 #갤럭시 #아이폰 #아이패드 #김치냉장고#
#비스포크 #AI",https://www.instagram.com/p/DFHFfbQzAdw/,post,,제트봇,data_raw_instagram_dogfilter_removed.csv,False,False,False,True,기타,False
"🚨신당동 청구하이마트
🩵삼성전자 세일 페스타‼️

✅️삼성 갤럭시북 5 초특가! (오피스,프린터증정)
✅️삼성OLED TV 159만!
🎁혼수,입주,이사 세트특가행사
😲전시상품 최고 55% 할인

서울 중구 가전1등 매장!
신당동 청구 하이마트로 GOGO 🚀

☎️ 02-2254-1411
🚗 서울 중구 신당동 다산로 210

😃 상단 프로필 링크를 통해 카톡친구 추가하시면
비대면 상담 가능합니다~

#삼성 #LG #청소기 #노트북 #냉동고 #로봇청소기 #제트봇 #로청 #로보락 #하이마트 #신당동 #약수동 #TV #냉장고 #세탁기 #에어컨 #갤럭시 #아이폰 #아이패드 #김치냉장고 
#비스포크 #AI",https://www.instagram.com/p/DFHEyz8zckm/,post,,제트봇,data_raw_instagram_dogfilter_removed.csv,False,False,False,True,기타,False
"🚨새것같은 전시특가 ~! 
삼성 비스포크 AI 제트봇 79만원 !! 🔥

✅️AI 자율주행 , 일체형 청정스테이션
✅️제트사이클론, 인버터 모터로 강력한 청소!
✅️3D 라이다센서 . 반려동물 돌봄기능!

💥 제휴카드 36개월 무이자💥

서울 중구 가전1등 매장!
신당동 청구하이마트로 GOGO 🚀

☎️ 02-2254-1411
🚗 서울 중구 신당동 다산로 210

😃 상단 프로필 링크를 통해 카톡친구 추가하시면
비대면 상담 가능합니다~

#삼성 #LG #청소기 #노트북 #냉동고 #로봇청소기 #제트봇 #로청 #로보락 #하이마트 #신당동 #약수동 #TV #냉장고 #세탁기 #에어컨 #갤럭시 #아이폰 #아이패드 #김치냉장고 
#비스포크 #AI",https://www.instagram.com/p/DFCy5noTGwt/,post,,제트봇,data_raw_instagram_dogfilter_removed.csv,False,False,False,False,기타,False
핑크주방 완성💖 테트리스처럼 딱맞는 주방수납장!! 맞춘것처럼 맘에든당!!! 아직 로봇청소기 없지만 로봇청소기장으로 미리 준비했습니다🫶🏻 집주인만 들어오면됨🌝 #로보킹 #제트봇 #로보락 #드리미 #핑크주방 #새봄TV #돈까스만들기대작전 (부제-빵가루냠냐미) #240826,https://www.instagram.com/p/DDmupbFzbA7/,post,,제트봇,data_raw_instagram_dogfilter_removed.csv,False,False,False,False,기타,False
"삼성 청소기 청소기 비스포크 제트 봇 미스티화이트 (VR30T85514W)

자율주행 자동차에 사용되는 라이다센서를 적용해 집 안의 구조와 크기를 정확하게 측정하고 제트 봇의 위치를 정확하게 파악합니다. 가구 배치까지 정교하게 그려내어 청소 경로를 최적화합니다
덕분에 효율적으로 이동하며 구석구석 꼼꼼하게 청소할 수 있습니다

 

#로봇청소기 #삼성 #삼성청소기 #비스포크 #제트봇",https://www.instagram.com/p/C_jpc9jSts2/,post,,제트봇,data_raw_instagram_dogfilter_removed.csv,False,False,False,False,기타,False
"삼성 비스포크 로봇청소기 제트봇 (새틴 세이지 그린) (VR50C95A46S)

마무리까지 알아서 끝내주는 강력한 청소!

#삼성 #비스포크 #로봇청소기 #제트봇 #새틴 #세이지 #그린 #AI자율주행 #일체형 #청정스테이션 #강력해진 #청소성능 #렌탈 #렌탈상품 #렌탈상품추천",https://www.instagram.com/p/C_ifrsxv1jP/,post,,제트봇,data_raw_instagram_dogfilter_removed.csv,False,False,False,False,기타,False
"삼성 비스포크 로봇청소기 제트봇 (새틴 세이지 그린) (VR50C95A46S)

-AI 자율주행
-일체형 청정스테이션
-강력해진 청소 성능

우리집 구조와 사물 종류는 물론 사람과 고양이까지 인식하는 AI 자율주행

UV LED 먼지봉투로 더욱 위생적인 청정스테이션

제트 싸이클론과 디지털 인버터 모터로 강력한 흡입력

 

#삼성 #렌탈 #렌탈샵 #삼성비스포크 #로봇청소기 #제트봇 #청소기렌탈",https://www.instagram.com/p/C_UzXV_hHph/,post,,제트봇,data_raw_instagram_dogfilter_removed.csv,False,False,False,False,기타,False
"⠀
제트봇AI의 얼굴을 찾아라🤖

Samsung BESPOKE 제트 봇 AI
제트 봇 AI 콜라보 서바이벌 편

Client:삼성전자
Agency: 투래빗츠, 제일기획

-
2022
Tworabbits

-
#투래빗츠 #삼성전자 #비스포크 #제트봇",https://www.instagram.com/p/C_H1DIVJbk4/,post,,제트봇,data_raw_instagram_dogfilter_removed.csv,False,False,False,False,기타,False
"6월의 삼성컬쳐랩 키즈 과학은 ""비스포크 제트봇"" 만들기입니다 ㅎㅎ
이번에도 운좋게 당첨된 키즈클래스

선생님과 함께 센서에 대해서 토론도하고
공기의 흐름과 기압에 대한 친절한 설명도 듣고!!!
퀴즈도 맞추고...간식당첨도 보너스!!!
매번 키즈클래스들을때마다 새로운 과학의 원리도 알게되고
우리집에 없던 삼성제품들이 늘어간다...
비록...실물과 같은모양의 다른제품??이란게 속이상하지만 ㅋㅋ
나름 너무 똑같은 미니미 버전이라 대리만족 ㅋㅋㅋ

설명과 함께 침착하게 잘따라해준 아들덕분에....
이번엔 로봇청소기가 생겼네...고마워 아들😂

비록 옆으로는 안가고 앞으로 직진만하지만...
머리카락은 청소잘해주네 ㅋㅋㅋㅋ

#삼성스토어 #삼성컬처랩 #원데이클래스 #삼성전자이벤트
#비스포크 #제트봇",https://www.instagram.com/p/C84DC6iP6Pg/,post,,제트봇,data_raw_instagram_dogfilter_removed.csv,False,False,False,True,기타,False
"#줌화상수업 #몇달만인가 #제트봇 #청소기 #만들기수업 
#삼성스토어 #삼성컬처랩 #원데이클래스 #삼성전자이벤트

지난번 갤럭시 폰 만들기 수업 듣고 너무 만족해서 여러번 수업 신청 했는데
계속 떨어지고 이번엔 꼭 됐으면 좋겠다 했는데 됐다 !! 아싸!!
인공지능에 대한 설명도 듣고 유익한 이론도 배우고 청소기 원리도 알고
어디서 이런 수업을 들어보겠냐며 
수업 인기가 너무 많아져 아쉽긴 하지만 이렇게라도 체험해볼수 있어서
아이도 너무 좋아하고 나도 너무 신기하고 좋았다
⭐️⭐️별점 100만개 드립니당⭐️⭐️",https://www.instagram.com/p/C8l9zOYykV7/,post,,제트봇,data_raw_instagram_dogfilter_removed.csv,False,False,False,True,기타,False
"집안에 자동으로 청소해주는 로봇 없을까 찾으셨나요?

청소를 자동으로 
생활은 편리하게 해주는
삼성 BESPOKE 제트봇AI 로봇청소기!

스마트싱스로 청소는 물론
펫 케어, 패밀리 케어까지 가능한
스마트 컨트롤!

이제는 로봇 청소기를
월 3만원대에 렌탈해보세요!

삼성 BESPOKE 제프봇AI 로봇청소기가 궁금하다면?
 

언제나 고객님께 만족스러운
렌탈 서비스를 제공해드립니다🥰

▶렌탈상담이 필요하다면?
1:1 다이렉트 상담 :
☎️ (개인렌탈)
☎️ (기업렌탈)

렌탈이지 고객센터 : ☎️1800-5841

#렌탈이지 #삼성 #BESOPKE #제트봇 #AI #로봇청소기
#월3만원대 #자동청소 #로봇청소 #스마트싱스 #생활편리
#컴퓨터렌탈 #노트북렌탈 #모니터렌탈 #중고컴퓨터렌탈 
#중고노트북렌탈 #중고모니터렌탈 #장기렌탈 #단기렌탈 
#행사렌탈 #세미나렌탈 #렌탈 #대여 #임대 #리스",https://www.instagram.com/p/C757wrSpy8J/,post,,제트봇,data_raw_instagram_dogfilter_removed.csv,False,False,False,False,기타,False
"로봇청소기 만들어서 색종이 잘라 시험가동!!!

#제트봇 로봇청소기 만들기
#삼성스토어 #삼성스토어코딩스쿨 
#코딩클래스 #삼성전자이벤트",https://www.instagram.com/p/C47j8KAvjia/,post,,제트봇,data_raw_instagram_dogfilter_removed.csv,False,False,False,True,기타,False
"🐱: 바닥 털 청소를 부탁해.. 내가 털이 많이 빠져서 미안냐..
.
.
.
.
.
#삼성전자 #로봇청소기 #최고얌👍",https://www.instagram.com/p/C4Ie5pKJ8iH/,post,,제트봇,data_raw_instagram_dogfilter_removed.csv,False,False,False,False,기타,False
"내 청소기, 스마트싱스 지원이 될까?🙄

⭐편리함의 끝판왕 삼성 스마트싱스!⭐
휴대폰 하나로 전원 ON/OFF, 모드설정, 예약설정, 루틴설정, 에너지 확인까지 내 손안의 내 집을 실현시켜주는 삼성의 IOT 기능인데요.
그.런.데!
""지금 우리집에서 사용하는 삼성 청소기, 스마트싱스 지원.. 되는걸까?"" 궁금하신 적 없으신가요?

이번주는 내 청소기, 스마트싱스 지원이 되는지 확인하는 방법에 대해 알려 드리겠습니다👀

#삼성 #SAMSUNG #청소기 #로봇청소기 #BESPOKE #제트 #제트봇 #스마트싱스 #smartthings",https://www.instagram.com/p/C3R9-0_v00K/,post,,제트봇,data_raw_instagram_dogfilter_removed.csv,False,False,False,False,기타,False
"[단풍이네 놀이터]
삼성스토어 키즈과학 클래스
두근거리는 마음으로 수업중
로봇청소기 작동원리 배우고
건전지와 모터센서 조립완료
.
.
움직임 OK! 휴지 흡입도 OK!
너무 신기하고 재미있는 시간
.
.
삼성스토어 코딩스쿨 [BESPOKE 제트봇 만들기]

🤹‍🎪삼성스토어 코딩스쿨 소개🎄🎉
단풍이가 참여한 삼성스토어 코딩스쿨을 소개합니다.

이번 수업은 삼성스토어 수지점에서 진행되었어요. 강남, 강북, 일산, 수지 등등 삼성스토어에서 대면 클래스를 신청 및 진행중이고, 줌으로 비대면 수업도 신청 가능합니다.

우리 일상생활 속 과학원리를 모형을 통해 배우는 시간입니다. 무엇보다도 삼성에서 직접 만들어 판매하고 있는 모든 제품들(세탁기, 청소기, 공기청정기 등)을 주제로 작동 원리를 익힐 수 있게 클래스가 운영됩니다. 신나는 생활 속 과학이야기를 나눌 수 있는 시간이었어요.

삼성전자의 최신 IT 기술을 활용해서 과학 및 교육 컨텐츠를 다양하게 제공하고 있답니다. 삼성스토어에 전시중인 모든 제품이 클래스의 다양한 주제가 되어 미래역량을 강화하는 수업이에요. 초등 저학년부터 고학년까지 다양한 연령이 참여가능합니다. 무료로 진행되는 알찬 키즈과학클래스 추천합니다!

#삼성스토어 #삼성스토어코딩스쿨 
#코딩클래스 #삼성전자이벤트",https://www.instagram.com/p/C1VXkSaSUGP/,post,,제트봇,data_raw_instagram_dogfilter_removed.csv,False,False,False,True,기타,False
"삼성 싸이클론 진공청소기!
VC33M2110LP모델!

✨ 인체 공학적으로 설계되어 손이 쉽게 피로해지지 않는 이지그립핸들!
✨ 마무리까지 쾌적하게 깨끗한 공기를 배출하는 배기필터!
✨ 먼지통에서 분리된 먼지를 한번 더 잡아주는 워셔블 필터!
✨ 먼지봉투가 필요없는 경제적인 청소!
✨ 착한 가격!

#삼성 #가전제품 #가전제품추천 #전자제품 #보보 #보팀장 #무선청소기 #무선청소기추천 #제트 #제트청소기 #제트봇 #로봇청소기 #비스포크 #비스포크청소기 #툰 #일상툰 #툰스타그램 #인스타툰 #좋아요반사",https://www.instagram.com/p/C0TdWgSrUkT/,post,,제트봇,data_raw_instagram_dogfilter_removed.csv,False,False,False,False,기타,False
"#EVENT 【맘블리 X DB손해보험】

▪️50인의 맘크리에이터 창작 지원 프로모션▪️
<엄마, 작가가 되다!>

 
 

DB손해보험과 맘블리가
50인의 엄마작가를 모집합니다!

""DB손해보험 고객분들이라면
맘블리에 새로운 #엄마작가 가 되어주세요!""

👇👇
좌충우돌~ 일상이 전쟁이닷!
눈물없이 들을 수 없었던..😭
그러나 시련(?)을 극복하고 한걸음 더 성장한
#진짜부모 가 된 나의 성장 이야기💪✨✨

남몰래 꽁꽁 숨겨뒀던 나만의 육아팁과,

아이를 만나 울고 웃으며 겪었던
시시콜콜한 이야기 등등 모두..!

부모가 된 여러분의 이야기는
언제나 늘 소중하니까요❣️❣️

그래서 역.대.급 경품을 준비했답니다.
#맘블리 에서 모두 꺼내 들려주세요~!!

✔️이벤트 참여가 궁금하다면?
👉👉맘블리 인스타 프로필링크 눌러서
지금 바로 확인해 보세요!

.
.

<엄마, 작가가 되다!> EVENT

📍참여 방법
① 맘블리 web 또는 app 회원가입을 해주세요.

② 맘블리 메인화면에서 <엄마, 작가가 되다!> 이벤트 배너를 클릭하고, 글쓰기 버튼을 눌러 키워드 주제에 맞는 나만의 육아 경험담을 남겨주세요.

✅키워드 주제
#취향육아 #육아휴직 #재테크 #아이병원
#자존감 #부모네트워킹 #부모성장 

✅작성 분량
텍스트 A4 2장, 사진 5장 필수 

③ 글쓰기 등록을 완료하면, 자동 응모!
(중복 글쓰기 참여도👌)

④ 당첨자 발표일에 맘블리에서
'50인의 엄마작가'로 선정된 글과 경품 당첨 확인!

───────────────
🎁이벤트 경품 혜택 (총 50명 선정)
🔸갤럭시 탭 S9 (Wi-Fi) -1명
🔸다이슨 슈퍼소닉 헤어 드라이기 -1명
🔸삼성 비스포크 제트봇 로봇청소기 -1명
🔸신세계 상품권 1만원 권 -47명
───────────────

📍모집 기간
2023년 11월 13일 ~ 12월 13일까지

📍모집 인원
엄마 작가 50명 선정

📍모집 대상
DB손해보험 가입자

📍당첨자 발표
2023년 12월 20일
맘블리 APP 내 공지사항 발표",https://www.instagram.com/p/CzkWzHRPLMJ/,post,,제트봇,data_raw_instagram_dogfilter_removed.csv,False,False,False,True,기타,False
"3대이모님이있단다 건조기 로봇청소기 식기세척기... ㅋㅋㅋㅋ그래서모셨다 2대이모님, 그리고담주월욜 3대이모님이오신다...오자마자 열일하시고방전하심 #로봇청소기#삼성#비스포크#ai#제트봇#우리집을#부탁해",https://www.instagram.com/p/CzdGdYlJ40V/,post,,제트봇,data_raw_instagram_dogfilter_removed.csv,False,False,False,False,기타,False
"한 달 가량 사용하고 있는데 큰 기대를 하진 않았어요. 처음에는 그냥 깨끗해졌네 하는 느낌이었다가 계속 반복되니 집안 일이 쑥 주는 느낌이라 이랫니 로봇청소기를 외치는구나 싶었죠. 소음은 조금 있는 편이지만 걸레 세척이 주는 번거로움이 확 줄었고 청소 상태도 훌륭한 편이라 아주 만족한 선택입니다. 

#삼성전자이벤트 #삼성비스포크 #삼성전자로봇청소기 #물걸레 
#신상가전 #삼성비스포크로봇청소기 #비스포크제트봇 #비스포크청정스테이션
#비스포크AI팀 #비스포크스팀
#",https://www.instagram.com/p/DFfbRTyvgKt/,post,,비스포크제트봇,data_raw_instagram_dogfilter_removed.csv,False,False,False,True,기타,False
"드디어! 우리집에서 제일 열일 할 아이 찾았다!
유선청소기 먹통이슈로 AS갔다가 
웬걸??? 로봇청소기가 49만원!?🫢
출시된지 2년됬고 박스없다는 이유로 재고 처리하던 아이발견😆 
 나 대신 앞으로 우리집 잘 부탁해💕 푸학🤣

#삼성 #samsung #갓삼성 #로봇청소기 #ai청소기 #비스포크제트봇 #청소기 #청소 #주부 #젊줌마
#드디어_우리집에도_로봇청소기🤟",https://www.instagram.com/p/DFehbYJh4AV/,post,,비스포크제트봇,data_raw_instagram_dogfilter_removed.csv,False,False,False,True,기타,False
"대박 이벤트 경품 당첨! [비스포크 제트봇]
'삼성로봇청소기' 한돈몰 삼겹살 구매하고 운좋게 당첨!
오늘 설치기사님 방문! 우리집에 쓰기엔 좀.. 과분한..
일단 거실에만 쓰는걸로^^

#한돈 #한돈몰 #구매후기 #삼성로봇청소기 #청소기 #비스포크제트봇 #소소한행복이벤트 #운좋은",https://www.instagram.com/p/C5-GBCNJ0FC/,post,,비스포크제트봇,data_raw_instagram_dogfilter_removed.csv,False,False,True,True,구매 후(후기),False
"삼성스토어 코딩스쿨 신청해서 듣게 된 키즈과학수업!
공기의 이동, 청소기 원리에 대해 선생님 설명듣고, 
미리 수령한 키트로 #비스포크제트봇 만들기.

제법 긴 시간동안 수업이 진행됐는데
선생님이 꼼꼼하게 설명해주셔서 어려운것도 헷갈려하지않고 무사히 완성😍
생긴게 진짜랑 차이가 없어서 깜짝 놀랐다!
심지어 모터랑 바퀴 작동까지 된다는!
로봇청소기 처분했었는데, 다시 생겼다아ㅋㅋㅋ

과학원리설명부터 완성제품 퀄리티까지
대만족한 수업덕분에
토요일 오후를 알차게 보냈다😆

🔸️삼성스토어 코딩스쿨에서 월별로 대면/비대면 수업신청할수있고, 당첨되면 무료로 수강 가능:)

*삼성스토어 이벤트에 응모하기 위하여 작성했습니다*

 #삼성스토어 #삼성스토어코딩스쿨 #코딩클래스 #삼성전자이벤트",https://www.instagram.com/p/C42VzYtvzsG/,post,,비스포크제트봇,data_raw_instagram_dogfilter_removed.csv,False,False,False,True,기타,False
"#삼성코딩스쿨

비스포크 제트봇 만들기
과학 지식도 배우고
재미있게 만들기도 하고
휴지청소 되는게 신기하다고
울집 청소도 좀 해줘
-
-
-
#초등
#비스포크제트봇
#삼성스토어 
#삼성스토어코딩스쿨 
#코딩클래스 
#삼성전자이벤트",https://www.instagram.com/p/C1anBcMPTHL/,post,,비스포크제트봇,data_raw_instagram_dogfilter_removed.csv,False,False,False,True,기타,False
"삼성스토어 대치점에어 크리스마스를 앞두고 비스포크 제트봇을 만들어 봤어요~
#삼성스토어 #삼성컬처랩 #키즈과학 #비스포크제트봇",https://www.instagram.com/p/C1OnZi_O9ro/,post,,비스포크제트봇,data_raw_instagram_dogfilter_removed.csv,False,False,False,False,기타,False
"햇살 좋은 날~ 집안 대청소!!!
청소 든든 지원군! BESPOKE 제트와 제트봇!
제군들! 너희만 믿는다! 🫡😆

그럼 난....뭐하지?ㅋㅋㅋ

 

#대청소인증이벤트 #삼성스토어 #제트AI #삼성 #삼성청소기 #제트장난감 #청소가쉬워지는 #예쁘기까지 #3대이모님 #넌없니😅 #강추👍#비스포코제트 #비스포크제트봇 #제트장난감가지고싶어요

삼성스토어 이벤트에 응모하기 위해 작성했습니다",https://www.instagram.com/p/C1GQpHLPGTE/,post,,비스포크제트봇,data_raw_instagram_dogfilter_removed.csv,False,False,False,True,기타,False
"ღ
#로봇청소기 열일 중😀
원래 구매 품목에 없던 가전인데
세상 편하네🤣

카메라로 실시간 모니터링도 되고 
구석구석 청소잘하시는 분ㅋㅋㅋ
.
.
#요리#주부#음식#집밥#홈쿡#맛스타그램#먹스타그램#푸드#푸드스타그램#food#쿡스타그램#딸둘맘#온더테이블#집스타그램#화이트인테리어#홈인테리어#홈스타그램#홈스윗홈#삼성제트봇#비스포크제트봇ai#비스포크제트봇#삼성로봇청소기",https://www.instagram.com/p/CwWPe1iBm6s/,post,,비스포크제트봇,data_raw_instagram_dogfilter_removed.csv,False,False,False,False,기타,False
"무료체험하고 TV선물 받으세요

빨간펜 무료체험 하고 싶으신분~!

#무료체험 #빨간펜무료체험신청 #도요새잉글리시 #도요새중국어 #아이캔두 #창의융합완독 #AI수학 #누리키즈 #유아한글 #유아수학 #교원전집 #안되는게어딨어 #다되지 #삼성티비 #비스포크제트봇 #10만원상품권 #커피쿠폰 #프로필링크클릭",https://www.instagram.com/p/Cu4fAg1rACp/,post,,비스포크제트봇,data_raw_instagram_dogfilter_removed.csv,False,False,False,True,기타,False
"♡

비가오지않는날이.
어색할정도.

다들.오늘도.
안녕하시죠~

#교원빨간펜#아이캔두
#무료체험#본사이벤트
#경품추첨#75인치티비 
#비스포크제트봇
#신세계상품권#스타벅스
#이하나지국장
#큐알인증후#무료체험신청
#롯데마트#홍보중
#시흥배곧점
#워킹맘일상기록ing 
#키클랩#키성장도움",https://www.instagram.com/p/Cu1RKNeRNRL/,post,,비스포크제트봇,data_raw_instagram_dogfilter_removed.csv,False,False,False,True,기타,False
"[일렉트로마트 삼성전자 청소기 행사안내]
비스포크제트 청소기
VS20B956AUE
599,000원
8대 한정판매

VR30T85513W
499,000원
5대 한정판매

청소기 관심있으신분들 연락주세요

#비스포크제트#비스포크제트봇#제트청소기#제트봇",https://www.instagram.com/p/CubAclMv7Up/,post,,비스포크제트봇,data_raw_instagram_dogfilter_removed.csv,False,False,False,False,기타,False
"ㆍ
❎️판매완료❎️ㆍㆍ
ㆍ
✅️특가✅️ㆍ
ㆍ
삼성 비스포크 재트 봇 AI 로봇청소기가 입고됐습니다.
(VR50B9563AG)ㆍ
ㆍ
AI자율주행으로 집 구조와 사물의 종류까지 인식합니다.ㆍ
ㆍ
충전과 동시에 자동으로 먼지비움까지 일체형청정스테이션ㆍ
ㆍ
3D센서로 작은장애물도 놓치지않습니다.
ㆍ
제트싸이클론과 디지털 인버터모터로 강력한 흡입력
ㆍ
소프트 마루 브러시설치로 미세먼지까지 깨끗하게
ㆍ
앱을통한 컨트롤 , 지정구역만청소,제외구역또한간편
ㆍ
실시간모니터링과 물세척이 가능한 청소
ㆍ
녹화기능탑재로 외출 시 반려동물 돌봄케어
ㆍ
저렴하게 구입하세요 
ㆍ
가격 ... 박스없는 새상품 65만원 현금가
(인터넷 최저가 90만원대)ㆍ
ㆍ
#스마트프라이스수완#수완동1514#밴드스마트프라이스수완#광주스마트프라이스#코스트코#광주코스트코#코스트코반품샵#광주코스트코반품샵#코스트코리퍼브샵#광주리퍼브샵#광주반품샵#광주#광주아울렛#광주마트#광주백화점#삼성로봇청소기#삼성비스포크청소기#로봇청소기#AI청소기#비스포크제트봇#코스트코삼성제트봇",https://www.instagram.com/p/Ctp4w4shOlW/,post,,비스포크제트봇,data_raw_instagram_dogfilter_removed.csv,False,False,False,False,기타,False
"ㆍ
ㆍ
ㆍ
✅️특가✅️ㆍ
ㆍ
삼성 비스포크 재트 봇 AI 로봇청소기가 입고됐습니다.
(VR50B9563AG)ㆍ
ㆍ
AI자율주행으로 집 구조와 사물의 종류까지 인식합니다.ㆍ
ㆍ
충전과 동시에 자동으로 먼지비움까지 일체형청정스테이션ㆍ
ㆍ
3D센서로 작은장애물도 놓치지않습니다.
ㆍ
제트싸이클론과 디지털 인버터모터로 강력한 흡입력
ㆍ
소프트 마루 브러시설치로 미세먼지까지 깨끗하게
ㆍ
앱을통한 컨트롤 , 지정구역만청소,제외구역또한간편
ㆍ
실시간모니터링과 물세척이 가능한 청소
ㆍ
녹화기능탑재로 외출 시 반려동물 돌봄케어
ㆍ
저렴하게 구입하세요 
ㆍ
가격 ... 박스없는 새상품 70만원 현금가
(인터넷 최저가 90만원대)ㆍ
ㆍ
#스마트프라이스수완#수완동1514#밴드스마트프라이스수완#광주스마트프라이스#코스트코#광주코스트코#코스트코반품샵#광주코스트코반품샵#코스트코리퍼브샵#광주리퍼브샵#광주반품샵#광주#광주아울렛#광주마트#광주백화점#삼성로봇청소기#삼성비스포크청소기#로봇청소기#AI청소기#비스포크제트봇#코스트코삼성제트봇",https://www.instagram.com/p/Csm1kHDhZYd/,post,,비스포크제트봇,data_raw_instagram_dogfilter_removed.csv,False,False,False,False,기타,False
"#삼성스토어 #삼성스토어코딩스쿨 #코딩클래스 #키즈과학클래스 #비스포크제트봇

삼성스토어에서 진행하는 삼성스토어코딩스쿨~
온라인에서만 하는줄 알았는데 오프에서도 한다고 해서 신청했는데 당첨!
너무 어려운 수업일까 걱정했던것과는 달리 샘이 정말 쉽게 이론수업 조금하고 하고 아이와 만들었다.
이론에서 딱 기억하는건 비스포크 제트봇에도 라이다 센서가 장착되어 있다는 점.
완성된 청소기가 움직이고 휴지까지 먹어주니 새로운 장난감이 하나 생긴것 같이 좋아한다.

이날 매장에서 나오다가 우리의 제트봇 두고나와서 큰일날뻔했다는.. 
다음번에도 기대하는 아들! ㅎㅎ 이건 4월 코딩클래스였고 5월도 당첨 됐다. 앗싸! 감사합니다~",https://www.instagram.com/p/CsXhGfIyXye/,post,,비스포크제트봇,data_raw_instagram_dogfilter_removed.csv,False,False,False,False,기타,False
"눈에 힘 빡 주고 집(청소)중 하는 도구리
#비스포크제트봇AI 는 똑똑해서 우리가 퇴근하고 난 뒤 조용해진 빈 사무실을 노립니다
다음날 출근하고 나면 바닥이 반짝반짝
#도구리 #도구리팝업 #비스포크제트봇",https://www.instagram.com/p/CsNkfblrPjI/,post,,비스포크제트봇,data_raw_instagram_dogfilter_removed.csv,False,False,False,False,기타,False
"도구리 팝업스토어(사진 쵸큼 흔들렸음)
23/5/6 코엑스몰
#도구리 #도구리봇 #도구리팝업 #비스포크제트봇#doguri_official",https://www.instagram.com/p/Cr8ePUsR3iK/,post,,비스포크제트봇,data_raw_instagram_dogfilter_removed.csv,False,False,False,False,기타,False
"#삼성스토어 #삼성스토어키즈클래스 #키즈클래스 #삼성전자이벤트
#비스포크제트봇 #로봇청소기만들기

키즈클래스는 처음인데 수업도 유익하고 만든 결과물도 만족스러웠음💙👍
다음에도 신청해봐야지🥰",https://www.instagram.com/p/DD05cGTpofu/,post,,비스포크제트봇,data_raw_instagram_dogfilter_removed.csv,False,False,False,True,기타,False
"열심히 일해보자 친구야!!
#삼성전자 #비스포크제트봇 #로봇청소기 #가전전부삼성 #입주가전",https://www.instagram.com/p/C43HCX5vYHq/,post,,비스포크제트봇,data_raw_instagram_dogfilter_removed.csv,False,False,False,False,기타,False
"🔥 청소기 살 거라면, 이번엔 제대로!

로보락 · 드리미 · 샤크
청소기 브랜드 대전 OPEN!

💥 135만원 로보락 S10
💥 59만원 드리미 AQUA10
💥 67만원 샤크 IW4271
💥 18만원 로봇청소기장 — 연중최저
🎁 40만원 이상 구매 시 핸디형 청소기 무상증정

🔥 최대 20% 할인
📅 10/2 ~ 10/31

강동이케아 지하 1층
하이마트 고덕점
📞 02-6956-4461

👉 청소기 바꿀 계획이었다면, 이번 기회 놓치지 마세요!

#청소기브랜드대전 #로보락 #드리미 #샤크 #강동이케아",https://www.instagram.com/p/Dd5M7LWJuY8/,post,,로보락,data_raw_instagram_dogfilter_removed.csv,False,False,False,True,기타,False
"🤖 지저분해진 로봇청소기, 내부까지 싹- 분해청소 받으세요! 

매일 열일하는 우리 집 로봇청소기,
눈에 보이는 먼지만 비우고 계셨나요? 🧼 

 먼지통과 필터만으로는 해결되지 않던
오수통 찌든 때부터 브러쉬에 엉킨 머리카락까지!

전문가가 원하는 장소로 직접 방문해 꼼꼼하게 케어해 드립니다. ✨ 

🏷️ [분해청소 서비스 요금 안내] 
1️⃣ 본체 청소 ── 69,000원 (표준 60분)
2️⃣ 본체 + 도크(스테이션) 풀 청소 [강력추천!] ── 99,000원 (표준 90분)
3️⃣ 도크(스테이션) 추가 청소 ── 35,000원 (표준 30분) 

💡 청소 성능 유지 & 제품 수명 연장의 필수 케어! 

📅 런칭 및 예약 안내시작일: 9월 1일(화) 런칭 

#하이마트 #마리오아울렛점 #로봇청소기 #로봇청소기케어 #로봇청소기분해청소 #로보락 #가전케어 #방문청소 #집스타그램 #살림꿀팁",https://www.instagram.com/p/Dd2_gu5k3Ts/,post,,로보락,data_raw_instagram_dogfilter_removed.csv,False,False,False,False,기타,False
"🧹✨ 롯데하이마트 금천점 청소기 브랜드 대전 ✨🧹
가을맞이 대청소, 이번 기회에 제대로 해보세요!
로보락·드리미·샤크 3대 브랜드가 한자리에 모였습니다 👇
🔥 로보락 S10 - 135만원
🔥 드리미 AQUA10 - 59만원
🔥 샤크 IW4271 - 67만원
▪️ 로봇청소기장 연중 최저가 18만원
▪️ 40만원 이상 구매 시 핸디형 청소기(EL-NHVC1) 무상증정 🎁
📅 행사기간: 10.2(금) ~ 10.31(토)
📍 롯데하이마트 금천점
가을 대청소, 똑똑하게 준비하세요!
재고 소진 시 조기 종료될 수 있어요 🏃‍♂️
#롯데하이마트 #금천점 #청소기추천 #로보락 #드리미 #샤크청소기 #로봇청소기 #물걸레청소기 #무선청소기 #가을대청소 #청소기브랜드대전 #금천구청소기
[해시태그 추가 옵션]
#금천점하이마트 #독산동 #시흥동 #가산디지털단지",https://www.instagram.com/p/Dd2oRd4k7iF/,post,,로보락,data_raw_instagram_dogfilter_removed.csv,False,False,False,False,기타,False
"EVENT

WORK BETTER, WALK TOGETHER
로보락과 함께 더 나은 변화를 함께 만들어주세요. 💡
⠀
더 편리한 일상부터 더 나은 일터와 사회까지,
로보락의 기술로
누군가의 일터를 더 편리하고,안전하고,
나은 곳으로 만들 수 있다면?
⠀
여러분이라면 어떤 문제를 해결하고 싶나요?
그리고 로보락의 기술을 활용해 어떻게 바꿀 수 있을까요?
⠀
💡 여러분의 아이디어를 들려주세요.
① 누구를 위한 아이디어인가요?
예) 장애 직원, 고령 근로자, 고층 작업자 등
⠀
② 어떤 불편이나 문제가 있나요?
예) 반복되는 청소 업무, 무거운 장비를 옮기는 일, 위생 관리의 어려움 등
⠀
③ 로보락의 기술로 어떻게 해결할 수 있을까요?
⠀
단순한 응원을 넘어, 실제로 실행할 수 있는 아이디어를 기다립니다.❤️‍🔥

좋은 아이디어를 보내주신 분들 중
베스트 아이디어를 선정해 로보락 제품을 선물로 드립니다. 🎁
⠀
함께 생각한 아이디어가 우리 사회의 새로운 변화가 될 수 있도록,
여러분의 생각을 들려주세요.
⠀
📍 참여 방법
1️⃣ 로보락 인스타그램 팔로우 & 게시물 좋아요
2️⃣ 로보락의 기술로 더 나은 일터를 만들 수 있는 아이디어를 댓글로 작성
❤️‍🔥 정성스럽고 구체적인 아이디어일수록 선정 확률 UP!
💬 게시물을 리포스팅하면 선정 확률 UP!
⠀
🎁 이벤트 경품
베스트 아이디어 선정자 1명 : S8 Pro+
참가자 추첨 50명 : 메가커피 아이스 아메리카노
⠀
📅 이벤트 기간
[2026년 9월 23일(수) ~ 10월 6일(수)]
⠀
📢 당첨자 발표
[2026년 10월 14일(화)] / DM 개별 안내 예정
⠀
※ 이벤트 내용은 사전 고지 없이 변경 및 중단될 수 있습니다
※ 베스트 아이디어는 내부 심사를 통해 선정됩니다.
※ 하단의 로보락 코리아 ‘소셜 이벤트 운영 및 개인정보 처리방침’을 숙지하신 분에 한해 이벤트 참여 가능합니다.
※ 소셜 이벤트 운영 및 개인정보 처리방침: 
⠀
#로보락 #Roborock
#WorkBetterWalkTogether #이벤트",https://www.instagram.com/p/DdwpRWQE4M7/,post,,로보락,data_raw_instagram_dogfilter_removed.csv,False,False,False,True,기타,False
"더 나은 일터가
더 나은 일상을 만듭니다. 🤝
⠀
밀알복지재단이 운영하는 굿윌스토어는
장애인의 자립을 지원하고,
모두가 함께 살아가는 세상을 만들어가는 비영리 단체입니다.
⠀
로보락은 굿윌스토어 밀알구리점과 함께
장애 직원들의 더 나은 근무환경 조성을 위한 동행을 이어갑니다.
⠀
청소와 공간 관리의 부담을 덜고,
판매와 카페 운영 등 본연의 업무에 더욱 집중할 수 있도록
로보락의 기술이 필요한 일상의 현장에 함께합니다.
⠀
작은 변화가 모여
더 나은 일상을 만들어갈 수 있도록 ✨
⠀
WORK BETTER, WALK TOGETHER
더 나은 일터를 위한 로보락의 동행
⠀
#로보락 #Roborock
#WorkBetterWalkTogether",https://www.instagram.com/p/DdsvTgpTjBT/,post,,로보락,data_raw_instagram_dogfilter_removed.csv,False,False,False,False,기타,False
"𝗟𝗢𝗖𝗔𝗟 𝗡𝗘𝗧𝗪𝗢𝗥𝗞

로봇청소기가 똑똑해질수록
데이터 보안은 더 중요하니까. 🔐

에코백스는 필요한 명령을
우리 집 네트워크에서 우선 처리해
불필요한 클라우드 전송을 줄입니다.

편리함 뒤의 데이터 보안까지
놓치지 않는 에코백스 💙",https://www.instagram.com/p/Dd5Kc15gLUz/,post,,로봇청소기,data_raw_instagram_dogfilter_removed.csv,False,False,False,False,기타,False
"𝗘𝗖𝗢𝗩𝗔𝗖𝗦 𝟮𝟬𝟮𝟲 𝗗𝗔𝗧𝗔 𝗦𝗘𝗖𝗨𝗥𝗜𝗧𝗬 𝗣𝗟𝗔𝗡

매일 사용하는 로봇청소기,
내 데이터도 직접 확인하고 제어할 수 있도록 👀

에코백스는 사용자가 안심하고 사용할 수 있는
보안 환경을 지속적으로 강화하고 있습니다.

눈에 보이지 않는 부분까지
안심을 더하는 에코백스의 데이터 보안 🔒",https://www.instagram.com/p/Dd5KOHjDQlH/,post,,로봇청소기,data_raw_instagram_dogfilter_removed.csv,False,False,False,False,기타,False
"𝗚𝗟𝗢𝗕𝗔𝗟 𝗧𝗥𝗨𝗦𝗧

보낼 때도 🔒 저장할 때도 🔒
데이터가 어디에 있든 안전하게

에코백스는 통신, 저장 과정의 암호화부터
글로벌 보안 인증과 규정 준수까지
꼼꼼하게 챙기고 있습니다. 🌐

데이터 전송부터 저장까지,
안심할 수 있는 보안 환경을 만들어갑니다. 💙",https://www.instagram.com/p/Dd5KG6_DdHx/,post,,로봇청소기,data_raw_instagram_dogfilter_removed.csv,False,False,False,False,기타,False
"공간에 자연스럽게, 청소는 스마트하게
집의 분위기를 해치지 않는 디자인에
매일 청소를 편리하게 만드는 스마트한 기능까지

JONR로 더 깔끔한 일상을 만나보세요.

#JONR #존알 #X1MAX #로봇청소기 #스마트홈 #청소가전",https://www.instagram.com/p/Dd2p4UCAZQj/,post,,로봇청소기,data_raw_instagram_dogfilter_removed.csv,False,False,False,False,기타,False
"🧹 집안일은 더 편하게, 청소는 더 스마트하게!
에코벡스 로봇청소기 ✨ X8-PRO.WH ✨

출고가 129만원 → 행사가 84만원

스마트한 청소를 합리적인 가격으로 만나보세요!

📍 전자랜드 현대스페이스점

#전자랜드 #현대스페이스점 #에코벡스 #ECOVACS #로봇청소기",https://www.instagram.com/p/Dd0zE1FxIWS/,post,,로봇청소기,data_raw_instagram_dogfilter_removed.csv,False,False,False,False,기타,False
"명절 후 지친 몸과 마음, 집에서 편하게 쉬고 싶을 때🍂

답답한 실내 공기는 공기청정기로 쾌적하게,
거실과 침실에서는 이동식 TV로 보고 싶은 콘텐츠를 편하게,
밀린 바닥 청소는 로봇청소기에 맡겨보세요.

연휴가 끝난 뒤에도 휴식은 조금 더 길게.
공기청정기 · 더 무빙스타일 · 비스포크 AI 스팀 울트라까지
삼성공식파트너 우주에서 확인해보세요.",https://www.instagram.com/p/Dd0V75ij0aC/,post,,로봇청소기,data_raw_instagram_dogfilter_removed.csv,False,False,False,False,기타,False
"——
모서리도 챙긴 트라이앵글 물걸레
다이슨 r2 뉴로비 워시앤드라이 로봇 청소기

자동으로 확장되는 트라이앵글 설계의
물걸레 패드로 구석까지 효과적으로.

박보검과 함께 만나는 다이슨 로봇 청소기로
가장자리까지 꼼꼼하게 청소해보세요.

#박보검 #ParkBoGum #다이슨 #dyson #로봇청소기",https://www.instagram.com/p/DdyzD5UzyfI/,post,,로봇청소기,data_raw_instagram_dogfilter_removed.csv,False,False,False,False,기타,False
"cr. 
——
모서리도 챙긴 트라이앵글 물걸레
다이슨 r2 뉴로비 워시앤드라이 로봇 청소기

자동으로 확장되는 트라이앵글 설계의
물걸레 패드로 구석까지 효과적으로.

박보검과 함께 만나는 다이슨 로봇 청소기로
가장자리까지 꼼꼼하게 청소해보세요.
#박보검 #ParkBoGum #다이슨 #dyson #로봇청소기",https://www.instagram.com/p/Ddyy_cnOhMY/,post,,로봇청소기,data_raw_instagram_dogfilter_removed.csv,False,False,False,False,기타,False
"강력한 흡입을 위한 Twin-capture™ 시스템 다이슨 r2 뉴로비 워시앤드라이 로봇 청소기 큰 이물질부터 미세한 먼지까지 집중 청소하고 실시간 먼지 입자를 분석하여 자동으로 흡입력 조절까지.

#박보검 #ParkBoGum #다이슨 #dyson #로봇청소기",https://www.instagram.com/p/DdyczEoT0cV/,post,,로봇청소기,data_raw_instagram_dogfilter_removed.csv,False,False,False,False,기타,False
"cr. 
강력한 흡입을 위한 Twin-capture™ 시스템 다이슨 r2 뉴로비 워시앤드라이 로봇 청소기 큰 이물질부터 미세한 먼지까지 집중 청소하고 실시간 먼지 입자를 분석하여 자동으로 흡입력 조절까지.
#박보검 #ParkBoGum #다이슨 #dyson #로봇청소기",https://www.instagram.com/p/DdyckxFuzRL/,post,,로봇청소기,data_raw_instagram_dogfilter_removed.csv,False,False,False,False,기타,False
"🎉 롯데하이마트 [로봇청소기 분해청소 서비스] 공식 런칭! 🎉
매일 우리 집 바닥을 깨끗하게 닦아주는 고마운 로봇청소기,
정작 로봇청소기 본체 속 먼지와 스테이션 관리는 어떻게 하고 계시나요? 🤖🫧
무겁게 포장해서 보낼 필요 없이,
가전 전문가가 고객님 댁으로 직접 방문해 꼼꼼하게 분해 세척해 드려요! ✨
🛠️ 하이마트 방문 분해청소 포인트
 * 직접 찾아가는 방문 케어: 무거운 본체와 스테이션을 들고 이동할 필요가 없어요.
 * 완벽 분해 세척: 브러시 틈새 머리카락부터 흡입 모터 속 미세먼지, 세균까지 말끔하게 제거해요.
 * 전문 진단 & 점검: 세척 후 정상 작동 확인까지 체계적으로 관리해 드려요.
💰 서비스 요금 안내
 * 본체 청소: 69,000원
 (서비스 진행 중 스테이션 청소 추가 시 +35,000원)
 * 본체 + 스테이션 올인원 케어: 99,000원 ✨ (가장 추천하는 패키지에요!)
보이지 않는 찌든 때와 냄새를 싹 없애고 처음 샀을 때처럼 강력한 흡입력을 되찾아보세요. 쾌적해진 로봇청소기를 만나면 집안 공기부터 달라지네요! 🧹🌿
지금 바로 가까운 롯데하이마트 매장 또는 공식 온라인몰/앱에서 간편하게 방문 예약해 보세요! 📲
#롯데하이마트 #로봇청소기 #로봇청소기청소 #로봇청소기분해청소 #가전클리닝",https://www.instagram.com/p/Ddxw_rGJWjK/,post,,로봇청소기,data_raw_instagram_dogfilter_removed.csv,False,False,True,False,구매 후(후기),False
"청소기를 청소해 준다는디, 왜 내 방은 그대로랴 🧹
코웨이가 연내에 로봇청소기 렌털에 나서는데, 제품은 중국 모바(MOVA)가 만들고 코웨이는 상표를 붙여 팔고 관리만 맡는 OEM 방식이랍니다.

📰 출처
기사: 정수기 빌려주던 코웨이, 中 로봇청소기로 출격…보안도 관리해주나요?
언론사: 조선일보 · 구아모 기자 · 2026-09-26 08:01
원문: 
네이버 뉴스: 

✔ 웃음은 삼촌의 착각에서만, 기사 사실은 원문 그대로 전합니다.
ℹ 툰 그림은 AI로 그리고 사람이 검수했습니다. 등장인물은 가상의 인물입니다.

#인스타툰 #뉴스툰 #백수삼촌 #로봇청소기 #렌털",https://www.instagram.com/p/DdxN_L4ky0r/,post,,로봇청소기,data_raw_instagram_dogfilter_removed.csv,False,False,False,False,기타,False
"로봇청소기로 불륜을 잡았는데, 남편이 감옥에 가게 된 사연은? 🧹🤖

깜짝 이벤트를 해주려고 청소기 앱을 켰다가 우연히 아내의 외도 현장을 목격한 남성!
침착하게 증거를 모아 소송에서 승리하고 위자료까지 받아냈는데요.

하지만 여기서 끝이 아니었습니다. 아내가 ""동의 없는 불법 촬영""으로 맞소송을 제기하면서, 결국 남편은 징역 5월과 벌금형을 선고받았다는 충격적인 결말... ⚖️

증거를 잡으려다 오히려 전과자가 되어버린 역대급 반전 실화, 여러분은 어떻게 생각하시나요? 🤔

#로봇청소기 #불륜소송 #국제뉴스 #실화극장 #사생활침해",https://www.instagram.com/p/Dduu6ogzU0I/,post,,로봇청소기,data_raw_instagram_dogfilter_removed.csv,False,False,False,True,기타,False
"룸바를 만든 iRobot은 원래 군대와 NASA에 로봇을 팔던 회사였습니다. 9·11 현장과 후쿠시마 원전에 들어갔던 기술이 우리 집 거실로 들어온 거죠. 그리고 35년 만에 파산했습니다.

만약 아마존 인수가 성사됐다면, 지금 우리 집 지도는 누구 손에 있었을까요? 🤖

 에서 기계들의 속사정을 전해요.

#로봇 #룸바 #irobot #로봇청소기 #테크",https://www.instagram.com/p/DdswstgE2Tc/,post,,로봇청소기,data_raw_instagram_dogfilter_removed.csv,False,False,False,False,기타,False
"❤🖤

隅々までしっかり届くトライアングルモップ
ダイソン r2 ニューロビ ウォッシュ＆
ドライ ロボット掃除機

自動で広がるトライアングル設計の
水拭きパッドで隅々まで効果的に
#パクボゴム とともにご紹介する
ダイソンのロボット掃除機で
部屋の隅や端まで丁寧に
お掃除してみてください

REPOST - 
모서리도 챙긴 트라이앵글 물걸레
다이슨 r2 뉴로비 워시앤드라이 로봇 청소기

자동으로 확장되는 트라이앵글 설계의
물걸레 패드로 구석까지 효과적으로.

박보검과 함께 만나는 다이슨 로봇 청소기로
가장자리까지 꼼꼼하게 청소해보세요.

#박보검
#다이슨 #다이슨r2뉴로비워시앤드라이 
#다이슨r2뉴로비",https://www.instagram.com/p/DdsXClBJRS9/,post,,로봇청소기,data_raw_instagram_dogfilter_removed.csv,False,False,False,False,기타,False
"모서리도 챙긴 트라이앵글 물걸레
다이슨 r2 뉴로비 워시앤드라이 로봇 청소기

자동으로 확장되는 트라이앵글 설계의
물걸레 패드로 구석까지 효과적으로.

박보검과 함께 만나는 다이슨 로봇 청소기로
가장자리까지 꼼꼼하게 청소해보세요.

#다이슨 #다이슨r2뉴로비워시앤드라이 #다이슨r2뉴로비 #뉴로비워시앤드라이 #다이슨로봇청소기 #물걸레로봇청소기 #로봇청소기 #박보검",https://www.instagram.com/p/Ddq8GCgDEER/,post,,로봇청소기,data_raw_instagram_dogfilter_removed.csv,False,False,False,False,기타,False
"청소가 이렇게 간편해진다니, 신기하네!
JONR 로봇청소기 T5 PRO GEN 2는 세척 후 빠르게 건조해 주는 열풍건조 기능이 있어 위생적으로 청소를 도와준대.
자동세척과 자동먼지비움 시스템 덕분에 손도 안 대고 청소를 완벽하게 유지할 수 있겠어.
가격은 449,000원인데, 쿠팡 로켓배송으로 금방 받아볼 수 있으니 이거 생각해보면 좋을 듯!

🛍️ JONR 로봇청소기 T5 PRO GEN 2 열풍건조 자동세척 올인원 자동먼지비움 T5 pro gen 2
🔻 449,000원

✓ 눈여겨볼 만한 추천상품이에요
✓ 쿠팡 · 로켓배송
✓ 별점 4.5 · 리뷰 224
✓ 상품번호 125332

👇 지금 구매하러 가기
✓ 링크는 프로필에 있어요!
✓ 상품번호 및 제목으로도 검색이 가능합니다.
✓ 가격 확인하고 알뜰하게 쇼핑하세요.

#추천상품 #쿠팡 #JONR #로봇청소기 #T5 #PRO #GEN #열풍건조 #자동세척 #올인원",https://www.instagram.com/p/DdsPSRqmcnU/,post,,로봇청소기,data_raw_instagram_dogfilter_removed.csv,False,False,False,False,기타,False
"청소를 덜 하려고 로봇청소기를 샀지만...

그런데 이 녀석을 돌리는 날이면
사람이 먼저 바빠진다

청소를 해주는 건지,
청소를 시키는 건지 아직도 잘 모르겠다

#오늘도아빠는 #아빠툰 #생활툰 #가족툰 #육아툰 #로봇청소기",https://www.instagram.com/p/DdqyAJ8DgVV/,post,,로봇청소기,data_raw_instagram_dogfilter_removed.csv,False,False,True,False,구매 후(후기),False
