tag,query_group,층,판정,사유,최종 게시물 수,최종 댓글 수,최종 문서 수
로봇청소기강아지,robot,④ 로봇청소기 × 강아지,drop,"강아지 적중률 70%(7/10, 통일된 판별 범위 기준)지만 최근 1년 게시물 0% → 최근 활동량 부족",1,1,2
강아지로봇청소기,robot,④ 로봇청소기 × 강아지,drop,"최근성 5%, 광고 5%, 강아지 적중률 60%, 최종 1/21건 → 탈락 사유: 최근성 5%",1,0,1
로청강아지,robot,④ 로봇청소기 × 강아지,drop,"최근성 0%, 광고 0%, 강아지 적중률 0%, 최종 0/1건 → 탈락 사유: 게시물 1건뿐(부족) · 최근성 0% · 강아지 적중률 0%",0,0,0
로봇청소기무서워,robot,④ 로봇청소기 × 강아지,drop,"최근성 0%, 광고 0%, 강아지 적중률 27%, 최종 0/30건 → 탈락 사유: 최근성 0% · 강아지 적중률 27%",0,0,0
제트봇,robot,④ 로봇청소기 × 강아지,drop,"최근성 0%, 광고 3%, 강아지 적중률 7%, 최종 0/30건 → 탈락 사유: 최근성 0% · 강아지 적중률 7%",0,0,0
비스포크제트봇,robot,④ 로봇청소기 × 강아지,drop,"최근성 0%, 광고 17%, 강아지 적중률 0%, 최종 0/30건 → 탈락 사유: 최근성 0% · 강아지 적중률 0%",0,0,0
로보락,robot,④ 로봇청소기 × 강아지,drop,"최근성 100%, 광고 47%, 강아지 적중률 0%, 최종 0/30건 → 탈락 사유: 광고 47% · 강아지 적중률 0%",0,0,0
펫케어로봇청소기,robot,④ 로봇청소기 × 강아지,drop,"최근성 0%, 광고 0%, 강아지 적중률 0%, 최종 0/1건 → 탈락 사유: 게시물 1건뿐(부족) · 최근성 0% · 강아지 적중률 0%",0,0,0
로봇청소기,robot,④ 로봇청소기 × 강아지,drop,"교집합 방식 검증: 최근성 100%지만 강아지 적중률 2.2%(1/46), 반응 글 0건 → 비효율",1,0,1
펫캠,substitute,③ 대체재,keep,"본수집 확정: 관련도 71%, 최근 1년 100%, 광고 10% (파일럿 게시물 24/30, 댓글 18)",139,213,352
강아지cctv,substitute,③ 대체재,keep,"본수집 확정: 관련도 33%, 최근 1년 57%, 광고 17% (파일럿 게시물 14/30, 댓글 31)",14,31,45
강아지홈캠,substitute,③ 대체재,keep,"본수집 확정: 관련도 61%, 최근 1년 100%, 광고 3% (파일럿 게시물 23/30, 댓글 26)",39,45,84
홈캠강아지,substitute,③ 대체재,미확정(자동 제안: drop 후보),,0,0,0
이동형홈캠,substitute,③ 대체재,미확정(자동 제안: drop 후보),존재 여부 확인 필요,0,0,0
퍼보,substitute,③ 대체재,drop,"관련도 8%, 제품 소개 위주 → 경쟁사 비교는 공식 자료·쇼핑몰 리뷰로 대체",20,4,24
강아지분리불안,situation,① 사용 상황,제외(스레드로 대체),고민 도출은 스레드·네이버가 담당,0,0,0
혼자있는강아지,situation,① 사용 상황,제외(스레드로 대체),고민 도출은 스레드·네이버가 담당,0,0,0
출근하는견주,situation,① 사용 상황,제외(스레드로 대체),고민 도출은 스레드·네이버가 담당,0,0,0
노즈워크,bonding,② 교감 행동,제외(스레드로 대체),고민 도출은 스레드·네이버가 담당,0,0,0
강아지실내놀이,bonding,② 교감 행동,제외(스레드로 대체),고민 도출은 스레드·네이버가 담당,0,0,0
