emotion_word,doc_count,ratio,sample_1,sample_2,sample_3
불안,10,0.062,16ㅣ강아지 분리불안,#강아지분리불안 #1인가구강아지 #분리불안훈련 #강아지홈캠 #강아지훈련 #노즈워크 #초보보호자 #반려견심리 #강아지행동교정 #한고연몰,연휴 직후 며칠은 분리불안이 가장 심해지는 시기예요
걱정,8,0.05,혼자 잘 있나… 걱정하며 들여다본 📸,✔️ 해킹 걱정 덜해서 마음이 편해요 🔒,솔리티 홈캠과 함께라면 걱정 끝
안심,7,0.044,이제 솔리티 SC 400 홈캠으로 완벽하게 안심하세요,✨엄마와 아기의 하루를 더 안심되게✨,"우리 집 댕냥이 안심 지킴이, 솔리티 홈캠 SC400 📷"
귀여워,4,0.025,더 귀여워 … 🫠💗,우리 집 막둥이 Tapo 홈캠에 담긴 모습이 너무 귀여워서 바로 참여해요,등돌린 댕댕이 부르는 수달 인형의 아련한 손끝 ㅋㅋ 너무 귀여워서 홈캠 캡쳐 저장했어요 ㅎㅎ #강아지홈캠 #등돌린강아지 #푸들스타그램 #poodlestagram #dogstagram
보고싶,2,0.013,젼 눈나 보고싶다구,벙개야 누나 보고싶어서 그래 그렁그렁한 눈으로 보면 누나도 보고싶어서 집에 얼른 올거야 귀여워 😂😂,
미안,2,0.013,미안해서 출근하기 힘들어요…😭“,① 인사는 짧게 — 미안해하며 길게 인사하면 불안이 더 커져요,
다행,2,0.013,다행이다울깍지야😍이제아프지말자이쁜아🌼🤩🌼,,
죄책감,1,0.006,매일 아침 아이를 혼자 두고 나오며 죄책감을 느끼시나요,,
짠하,1,0.006,이렇게 보니 짠하고 귀여움,,
뭉클,0,0.0,,,
