tag,query_group,posts_raw,old_posts,ad_posts,hashonly_posts,dup_posts,nodog_posts,posts_final,comments_raw,ad_comments,short_comments,comments_final,period_days,ad_all,nonad_dog,recent_all,cost_usd
로봇청소기강아지,robot,10,9,0,0,0,0,1,1,0,0,1,730,0,7,0,0.0253
강아지로봇청소기,robot,21,17,1,0,0,2,1,0,0,0,0,730,1,12,1,0.0483
로청강아지,robot,1,1,0,0,0,0,0,0,0,0,0,730,0,0,0,0.0023
로봇청소기무서워,robot,30,26,0,1,0,3,0,0,0,0,0,730,0,8,0,0.069
제트봇,robot,30,30,0,0,0,0,0,0,0,0,0,365,1,2,0,0.069
비스포크제트봇,robot,30,30,0,0,0,0,0,0,0,0,0,365,5,0,0,0.069
로보락,robot,30,0,14,1,0,15,0,0,0,0,0,365,14,0,30,0.069
펫케어로봇청소기,robot,1,1,0,0,0,0,0,0,0,0,0,365,0,0,0,0.0023
로봇청소기,robot,50,0,4,1,0,44,1,0,0,0,0,365,4,1,50,0.115
펫캠,substitute,30,0,3,3,0,0,24,24,0,6,18,365,3,27,30,0.1242
강아지cctv,substitute,30,13,2,1,0,0,14,69,0,38,31,365,5,25,17,0.2277
강아지홈캠,substitute,30,0,1,6,0,0,23,54,0,28,26,365,1,29,30,0.1932
홈캠강아지,substitute,6,6,0,0,0,0,0,0,0,0,0,365,0,6,0,0.0138
이동형홈캠,substitute,1,1,0,0,0,0,0,0,0,0,0,365,0,1,0,0.0023
퍼보,substitute,30,1,0,9,0,0,20,13,0,9,4,365,0,30,29,0.0989
