방식,액터 ID,제목,키워드 검색 지원,정렬·기간 옵션,답글(reply) 수집,게시일 필드,출력 주요 필드,30일 사용자 수,30일 실행 수,30일 성공률(%),평점(리뷰 수),과금 방식,Starter 단가(BRONZE 티어),"1,000건 환산($)",비고,한국어 검색 테스트(2026-10-01),판단
"B(Apify, 1차)",automation-lab/threads-scraper,Threads Scraper,지원: mode=search + searchQueries(배열),"searchSort(top/recent), postedAfter/postedBefore, maxPosts(키워드당)",본 액터는 미지원 → 짝 액터 automation-lab/threads-replies-scraper 로 수집,"date (ISO), timestamp","postId, code, text, likeCount, replyCount, repostCount, quoteCount, date, url, isReply, hashtags (+username 등 작성자 필드는 저장 안 함)",1049,25218,99.9,4.24 (8),PAY_PER_EVENT,게시물 $0.00435/건 + 실행당 $0.0174,4.35,검색 언어 옵션 없음. 한국어 검색 동작은 파일럿으로 확인 필요,"불합격: '강아지 혼자' 0건(Threads 공개 검색 결과 없음), '펫캠' 30건 중 한국어 0건(0%)·검색어 포함 글 0건 — 영어·일본어·프랑스어 등 무관한 최신 글 반환. 청구 $0.165",1순위였으나 한국어 검색 테스트 불합격 → 스레드 소스 drop
"B(Apify, 1차)",automation-lab/threads-replies-scraper,Threads Replies Scraper,해당 없음(게시물 URL 입력: postUrls),"maxRepliesPerPost, includeNestedReplies",지원: 게시물 URL → 답글,createdAt (ISO),"replyId, replyUrl, parentPostId, text, createdAt, likeCount, replyCount, repostCount, threadLevel (+authorUsername 등은 저장 안 함)",72,2246,90.0,없음 (0),PAY_PER_EVENT,답글 $0.00026/건 + 실행당 $0.005,0.26,노출되는 답글만 수집(게시물 페이지에 일부만 실리는 경우 있음),미실행: 답글 수집 대상 게시물이 강아지 필터를 통과하지 못해 호출 0회,1순위 짝이었으나 게시물 액터 불합격으로 미사용 → 스레드 소스 drop
"B(Apify, 1차)",sourabhbgp/threads-scraper,"Threads Scraper: Profiles, Posts, Search, Replies","지원: urls(키워드/URL 혼합, 모드 자동 감지) 또는 mode=search","정렬·기간 옵션 없음(스키마상), maxResults(전체 합계)","지원: mode=replies, fetchAllReplies",postedAt,"type, text, likeCount, replyCount, repostCount, viewCount, postedAt, postUrl (+username 등은 저장 안 함)",93,41929,100.0,없음 (0),PAY_PER_EVENT,결과당 $0.002 (티어 할인 없음),2.0,비라틴 문자 게시물을 번역·삭제 없이 반환한다고 문서에 명시,"불합격: '강아지 혼자' 0건, '펫캠' 30건 중 한국어 3건(10%)·검색어 포함 글 4건(13%) — 한 단어 키워드만 일부 적중, 두 단어 이상 키워드는 0건. 청구 $0.06",2순위였으나 한국어 검색 테스트 불합격 → 스레드 소스 drop
"B(Apify, 1차)",futurizerush/meta-threads-scraper,"Threads Scraper - Posts, Profiles & Search",지원: mode=search + keywords(배열),"search_filter(top/recent), start_date/end_date, max_posts(키워드당)","검색 모드에는 없음(user_replies = 특정 계정이 쓴 답글). 게시물 답글은 별도 액터 futurizerush/threads-replies-scraper (성공률 79.6%, 평점 1.79)",created_at,"post_code, text_content, created_at, like_count, reply_count, repost_count, quote_count (+username 등은 저장 안 함)",1346,68469,96.9,4.2 (19),PAY_PER_EVENT,결과당 $0.0025 + 실행당 $0.005,2.5,search_language 가 english/japanese/chinese(번체) 뿐이라 한국어 검색 품질 위험,미테스트 (1·2순위 액터 모두 불합격으로 중단),제외 (한국어 미지원 위험 + 답글 액터 평점·성공률 낮음)
"B(Apify, 1차)",pro100chok/threads-scraper-usage,"Threads Full Scraper - Posts, Profiles & Replies",지원: action=search + targets,"정렬·기간 옵션 없음(스키마상), maxItems",지원: action=post_replies,"taken_at, timestamp (README)","text, like_count, reply_count, repost_count, post_url (+작성자 필드 다수)",213,56525,99.9,4.88 (5),PAY_PER_EVENT,결과당 $0.002 + 실행당 $0.0001,2.0,기본값이 액터 제공 계정 풀(로그인 세션)로 실행(useOurAccounts). 제3자 로그인 계정 사용이라 약관·개인정보 측면에서 보류,미테스트 (1·2순위 액터 모두 불합격으로 중단),"제외 (계정 풀 사용 방식 보류, 최근순·기간 옵션 없음)"
"B(Apify, 1차)",igview-owner/threads-search-scraper,Threads Search Scraper,지원: searchQuery(문자열 1개 → 키워드마다 1회 실행),"sort(top/recent), after/before, maxPosts, cursor",미지원,takenAtFormatted,"captionText, directReplyCount, postUrl, likeCount 등",458,85780,99.4,3.46 (6),PAY_PER_EVENT,결과당 $0.005 + 실행당 $0.005,5.0,검색 전용,미테스트 (1·2순위 액터 모두 불합격으로 중단),"제외 (답글 미지원, 단가 높음, 평점 낮음)"
"B(Apify, 1차)",watcher.data/search-threads-by-keywords,Search Threads By Keywords,지원: keywords(배열),"sortByRecent, maxItemsPerKeyword",미지원,문서·스키마에서 확인 안 됨,출력 스키마를 문서에서 확인하지 못함,405,16592,99.6,3.44 (10),PAY_PER_EVENT,결과당 $0.008,8.0,검색 전용,미테스트 (1·2순위 액터 모두 불합격으로 중단),"제외 (답글 미지원, 출력 스키마 불명, 단가 최고)"
"B(Apify, 1차)",themineworks/threads-scraper,"Threads Scraper | 25 Fields, 4 Modes",지원: mode=search + searchQuery(문자열 1개),"resultType(recent/top), maxPosts(전체 합계)","부분: includeReplies(답글 글을 출력에 포함, 게시물별 답글 트리 수집 여부는 문서에서 불명확)",posted_at,"text, like_count, reply_count, repost_count, posted_at, url",132,59619,99.9,5.0 (2),PAY_PER_EVENT,게시물 $0.0018 + 실행당 $0.002,1.8,검색은 키워드마다 1회 실행 필요,미테스트 (1·2순위 액터 모두 불합격으로 중단),제외 (게시물별 답글 수집이 불명확)
"B(Apify, 1차)",(참고) apify/threads-profile-api-scraper,Meta Threads Profile Scraper,미지원(프로필 전용),-,-,-,-,530,192790,99.8,4.99 (7),PAY_PER_EVENT,-,,공식 액터지만 키워드 검색이 없음,미테스트 (1·2순위 액터 모두 불합격으로 중단),제외 (키워드 검색 불가)
"B(Apify, 1차)",[최종 결정 2026-10-01],스레드 소스 drop,,,,,,,,,,,,,공통 원인 추정: 두 액터 모두 로그인 없이 Threads 공개 검색 페이지를 쓰는데 한국어 검색어에 대해 결과가 없거나 검색어와 무관한 글이 반환됨. 미시험 대안: 제3자 로그인 계정 풀을 쓰는 pro100chok/threads-scraper-usage (약관·개인정보 이유로 보류 상태),"기준: 한국어 검색 결과 0건이거나 한국어 글 비율 50% 미만이면 다음 후보로, 둘 다 안 되면 drop. 두 액터 모두 불합격 (테스트 비용 합계 $0.23)",스레드 drop (고민 코퍼스 A 는 네이버·유튜브 중심 유지)
A(Playwright+부계정),local/threads_playwright,로컬 Playwright 검색 수집 — 파일럿 6개 키워드×30건 (2026-10-01),,,,,,,,,,,,,"결과: 6개 키워드 136건 수집→필터 후 80건. 한국어 비율 67~100%, 최근 1년 97~100%. 기준(한국어≥70% & 자동 관련도≥30%) 통과 4/6 (강아지 분리불안·강아지 혼자[6건뿐]·출근 강아지·로봇청소기 강아지). 미통과: 펫캠(한국어 67%, 강아지 단어 13%), 강아지 홈캠(관련도 29%). 한계: 검색 결과가 검색어와 의미 검색식으로 섞여 '로봇청소기 강아지'·'강아지 홈캠'은 검색어 포함률 0%. 응답 JSON 가로채기 2개 키워드·DOM 대체 4개 키워드. 비용 0$(로컬). 선행 시도는 부계정 프로필(스레드 가입) 미완료로 로그인 화면만 보여 0건.",,성공 기준 충족(4/6) → 본수집 계획 제시 후 사용자 확인 대기
