url_hash,keyword,feed_type,relevant,complaint
3ccfca0f2ea397c6,강아지 분리불안,post,1,0
51bc22d30b10a180,강아지 분리불안,post,1,0
94da46558181cc8a,강아지 분리불안,post,1,0
ad15e8421ebb6f41,강아지 분리불안,post,1,0
cdf7e460a5e78303,강아지 분리불안,post,1,0
5343ac47e0497a22,강아지 분리불안,post,1,0
b10a90c2aa3111e5,강아지 분리불안,post,1,0
44b28da86f79dec3,강아지 분리불안,post,1,0
daaf382094bba56e,강아지 분리불안,post,1,0
f47217a1d0a7722e,강아지 분리불안,post,1,0
11ecd3a63c8a6250,강아지 분리불안,post,1,0
0b5e36ab663d7fb0,강아지 분리불안,post,1,0
e46f3ef045bbdd74,강아지 분리불안,post,1,0
01be84d80fd44523,강아지 분리불안,post,0,0
c8ae679ee796ce70,강아지 분리불안,post,1,0
11afdda29aa22e69,강아지 분리불안,post,1,0
13b49df2a958e3bc,강아지 분리불안,post,1,0
b6f49c9660cfa57a,강아지 분리불안,post,1,0
d21968a0ada09acc,강아지 분리불안,post,1,0
15bc3bebf4ec5560,강아지 분리불안,post,1,0
db87f9d702737506,강아지 분리불안,post,1,0
86220d335fcf84cf,강아지 분리불안,post,1,0
4b9b6b447ddda0b6,강아지 분리불안,post,1,0
f326bb7bc7a31b2c,강아지 분리불안,post,1,0
05c7d9247aa297a5,강아지 분리불안,post,1,0
e20dd5bb98bf6d0a,강아지 분리불안,post,1,0
5f1296ab71e52c44,강아지 혼자,post,1,0
d2a5694cd23c0940,강아지 혼자,post,1,0
955937082a7ffc7e,강아지 혼자,post,1,0
49cc41a6226d49c9,강아지 혼자,post,1,0
f5546380840ed351,강아지 혼자,post,1,0
70c5a62aadecfac0,강아지 혼자,post,1,0
2be84d4d81cb278e,강아지 홈캠,post,0,0
7313f85610c1ea1a,강아지 홈캠,post,1,0
116e8269239a3d30,강아지 홈캠,post,0,0
78fedbe6e809b159,강아지 홈캠,post,0,0
fc1be59dbd2e3ced,강아지 홈캠,post,0,0
c9f0ebb1bd06ed36,강아지 홈캠,post,1,0
f0d4e514094e0ace,강아지 홈캠,post,0,0
2dd9ae5c6ef567f5,로봇청소기 강아지,post,0,0
34897e3c1423ae66,로봇청소기 강아지,post,0,0
e669b9bbf681a1ae,로봇청소기 강아지,post,1,0
8664eb0a8fa5e374,로봇청소기 강아지,post,0,0
87f6b2f5b86d7b44,로봇청소기 강아지,post,0,0
60efc7b75b60d2f1,로봇청소기 강아지,post,1,0
07c1c6a92a9eabef,로봇청소기 강아지,post,0,0
1f5bb0b62bb78c6c,로봇청소기 강아지,post,1,0
31d385dc655a7900,로봇청소기 강아지,post,0,0
a8bf7d58c51f6ece,로봇청소기 강아지,post,0,0
5877dfffdb82b6f8,로봇청소기 강아지,post,0,0
2a867fdd00d2c3c1,로봇청소기 강아지,post,1,0
adbfee401271d48b,로봇청소기 강아지,post,0,0
428e7c2748fb9b17,로봇청소기 강아지,post,0,0
1cde7407949e0735,로봇청소기 강아지,post,1,0
b8d709fb7d62188c,로봇청소기 강아지,post,0,0
0265d5832f561fc4,로봇청소기 강아지,post,1,0
fc18c77078e8320c,로봇청소기 강아지,post,1,0
b424185dd5a8e3f0,로봇청소기 강아지,post,0,0
69ee3ac372514a51,로봇청소기 강아지,post,1,0
341f2284618a1814,로봇청소기 강아지,post,1,0
cb7a9dc17db6b4bf,출근 강아지,post,1,0
ac59ddea222fa091,출근 강아지,post,1,0
4381073202ce052f,출근 강아지,post,1,0
412c2672287e62e9,출근 강아지,post,1,0
8bb146363cd8c17d,출근 강아지,post,1,0
367733e158b52b5f,출근 강아지,post,1,0
41db6cc55953179f,출근 강아지,post,1,0
7d7b310239a6a9d8,출근 강아지,post,1,0
a519db29945a23a2,출근 강아지,post,0,0
33fb0014b495acc5,출근 강아지,post,1,0
1416336c380a7deb,출근 강아지,post,1,0
09092829bf9ceb18,출근 강아지,post,1,0
3129f6354692d39a,출근 강아지,post,0,0
9358563c18470f37,출근 강아지,post,1,0
39695fe108a0ef28,출근 강아지,post,1,0
8ce737c2fb1a8276,펫캠,post,1,0
2548afe66f808400,펫캠,post,0,0
c2bbc2624bf9be99,펫캠,post,1,0
b5a4d59567bc6903,펫캠,post,1,0
2f1e24025e50b54a,펫캠,post,0,0
9350cef438bfcb14,강아지 집에 두고,post,0,0
3f8c8efc5e1e37d9,퇴근하고 강아지,post,1,0
04487d5861652a8f,퇴근하고 강아지,post,1,0
77e2cf03150b9fab,퇴근하고 강아지,post,0,0
f540aa353e40eae0,강아지 하울링,post,1,0
0ba1df84f363a1a0,강아지 하울링,post,0,0
2d0878e149a6382a,강아지 하울링,post,0,0
3a5c254bdb49b8b2,강아지 하울링,post,1,0
417ab0e597f7ddf1,강아지 하울링,post,0,0
22bc8f86216e684f,강아지 하울링,post,1,0
6a752ff808ed7c19,강아지 하울링,post,0,0
6beb16f982722f41,강아지 하울링,post,0,0
46b33cbdcf2cb1f1,강아지 하울링,post,0,0
f998d41962c15f59,강아지 하울링,post,1,0
ebd97e39f4058c2f,강아지 하울링,post,1,0
24eac1a9d3cb4535,강아지 하울링,post,0,0
ed034294e6089f20,강아지 하울링,post,0,0
6e5aaea606d36c4b,강아지 하울링,post,0,0
6666361cfc94dd13,강아지 하울링,post,0,0
a41bcae261d1f53f,강아지 하울링,post,1,0
fa5748a3e4553757,강아지 하울링,post,0,0
6a4bf77ec72ac8cf,강아지 하울링,post,0,0
f9c1853e9d651d40,강아지 하울링,post,0,0
9c004ac51894382a,강아지 산책 못,post,1,0
82883a9039cadc41,강아지 산책 못,post,0,0
eebbd75e31cbb32b,강아지 산책 못,post,0,0
6b47ee2cf5715fb5,강아지 산책 못,post,1,0
4e8615c333b2df9e,강아지 산책 못,post,1,0
0f821905124e336c,강아지 산책 못,post,1,0
6307efcb50e3d243,강아지 산책 못,post,1,0
d4e7641425f6f0a8,강아지 산책 못,post,0,0
d5581f34cb0c4756,강아지 산책 못,post,1,0
5795d09d2d2ae40b,강아지 산책 못,post,1,0
f42d618206863b3b,강아지 산책 못,post,0,0
43340f77c4b2c7a1,강아지 산책 못,post,1,0
b0a921ad72867616,강아지 산책 못,post,1,0
f5b68626b0b5d5f9,강아지 산책 못,post,1,0
2f91a4a0e2d283d9,강아지 산책 못,post,0,0
62876f6f89c4899c,강아지 산책 못,post,1,0
231c6e0ddb0cf638,강아지 심심,post,1,0
8dd887d4d93eb1b2,강아지 심심,post,0,0
0716ab786d317045,강아지 심심,post,1,0
7a05c47ec77105d1,강아지 심심,post,1,0
5e5c5dfade68edb1,강아지 심심,post,0,0
35edfaf2a3b4f4c1,강아지 심심,post,0,0
0f972708b8ee55fa,강아지 심심,post,0,0
62af55290f5935df,강아지 놀아주기,post,0,0
c93f45bb63eb4baf,노즈워크,post,1,0
04530062a3cedbad,노즈워크,post,0,0
de863708c7225c01,노즈워크,post,1,0
0cf89e0ea2f66426,노즈워크,post,1,0
e6a97f372a640803,노즈워크,post,0,0
e4103b42e8cd2d6c,노즈워크,post,1,0
d288b906bc632ea6,강아지 cctv,post,0,0
4d500a4bf9f6aee4,강아지 cctv,post,0,0
64bc42480ddd4bf7,강아지 cctv,post,0,0
5dc531b02d0baa48,이동형 홈캠,post,1,0
0a0a5e9cfdecec3b,이동형 홈캠,post,0,0
8ee3b54f9f741869,이동형 홈캠,post,0,0
012417bb3b3551b0,로청 강아지,post,0,0
db323e24e8c22ab8,제트봇 강아지,post,0,0
70f37bfbad511278,제트봇 강아지,post,0,0
5cbc4d674392a367,제트봇 강아지,post,1,0
