keyword,query_group,게시물 수(필터 전),게시물 수(필터 후),답글 수(필터 전),답글 수(필터 후),제거_기간,제거_강아지,제거_광고,제거_길이,제거_중복,한국어 글 비율,검색어(구성 단어) 포함률,최근 1년 비율,강아지 단어 포함률,자동 관련도,불만 비율,"비용(추정,$)",판정 제안
강아지 분리불안,situation,30,26,0,0,0,2,2,0,0,1.0,0.3,1.0,0.933,0.962,,0.0,keep 후보
강아지 혼자,situation,7,6,0,0,0,1,0,0,0,1.0,0.714,1.0,0.857,1.0,,0.0,drop 후보
강아지 홈캠,substitute,9,7,0,0,0,2,0,0,0,1.0,0.0,1.0,0.778,0.286,0.0,0.0,drop 후보
로봇청소기 강아지,robot,30,21,0,0,0,7,1,1,0,1.0,0.0,1.0,0.767,0.429,,0.0,keep 후보
출근 강아지,situation,30,15,0,0,0,12,0,3,0,0.967,0.4,1.0,0.6,0.867,,0.0,keep 후보
펫캠,substitute,30,5,0,0,1,24,0,0,0,0.667,0.467,0.967,0.133,0.6,0.0,0.0,drop 후보
강아지 집에 두고,situation,9,1,0,0,0,6,0,0,2,1.0,0.0,1.0,0.333,0.0,,0.0,drop 후보
퇴근하고 강아지,situation,6,3,0,0,0,3,0,0,0,1.0,0.0,1.0,0.5,0.667,,0.0,drop 후보
강아지 하울링,situation,30,19,0,0,0,10,1,0,0,1.0,0.0,1.0,0.667,0.316,,0.0,keep 후보
강아지 산책 못,bonding,30,16,0,0,0,10,0,0,4,1.0,0.0,1.0,0.633,0.688,,0.0,keep 후보
강아지 심심,bonding,30,7,0,0,0,7,1,1,14,1.0,0.0,1.0,0.767,0.429,,0.0,drop 후보
강아지 놀아주기,bonding,27,1,0,0,0,7,1,1,17,1.0,0.0,1.0,0.741,0.0,,0.0,drop 후보
노즈워크,bonding,29,6,0,0,0,18,4,0,1,1.0,0.724,1.0,0.345,0.667,,0.0,drop 후보
강아지 cctv,substitute,7,3,0,0,0,3,0,0,1,0.857,0.0,1.0,0.571,0.0,0.0,0.0,drop 후보
이동형 홈캠,substitute,30,3,0,0,0,23,0,1,3,1.0,0.0,1.0,0.2,0.333,0.0,0.0,drop 후보
퍼보,substitute,8,0,0,0,0,8,0,0,0,1.0,0.625,1.0,0.0,0.0,,0.0,drop 후보
로청 강아지,robot,27,1,0,0,0,15,0,1,10,1.0,0.0,1.0,0.444,0.0,,0.0,drop 후보
제트봇 강아지,robot,20,3,0,0,0,4,1,0,12,1.0,0.0,1.0,0.8,0.333,,0.0,drop 후보
