구분,단계,전,후,제거,점검
게시물,수집 원본(프로필 행 제외),389,389,0,한국어 글 377건(96.9%)
게시물,기간(최근 365일),389,388,1,날짜 파싱 성공 388/389건; 액터 입력 postedAfter 로 서버에서도 기간을 제한하므로 0건이면 정상일 수 있음
게시물,강아지 관련(고양이 전용 제거),388,226,162,이 단계 입력 중 강아지 단어 포함률 58.2%; 제거 중 고양이 전용 글 8건
게시물,광고·협찬,226,215,11,"광고 패턴 37여 개 적용, 매칭 11건"
게시물,길이(정제 후 10자 미만),215,207,8,이모지·해시태그·멘션 제거 후 10자 미만 8건
게시물,중복(url_hash),207,143,64,누적 CSV·다른 키워드 기준 중복 0건
답글,수집 원본(필터 통과 게시물의 답글),0,0,0,답글 액터 호출 0회
답글,기간,0,0,0,
답글,강아지 관련(부모 게시물 기준),0,0,0,
답글,광고·협찬,0,0,0,
답글,길이(정제 후 10자 미만),0,0,0,
답글,중복(url_hash),0,0,0,
