keyword,feed_type,url_hash,body,relevant
강아지 cctv,post,d288b906bc632ea6,"아침부터 마트 따라온 보미🐶
지나가는 강아지 발견!
→ 쳐다도 안봄
그 옆에 있는 사람 발견!
→ 눈빛 돌변👀✨
“안녕하세요 이모님💕
혹시 저 예뻐하실 생각 없으세요?”
강아지보다 사람에게 진심인
보미의 영업본능🤦‍♀️",
강아지 cctv,post,4d500a4bf9f6aee4,"검은 강아지의.날이라나 뭐라나
나보고 너의.날이라눈데
난 사람인데?!😉
검은 강아지들 오늘하루 잘 보내라🖤",
강아지 cctv,post,64bc42480ddd4bf7,"D-523💙🐕&D-617🖤🐶
寵物鏡頭下的毛茸茸강아지們
嘿咿而且皮膚都很好捏(๑˃̶͈̀o˂̶͈́๑)
看起來都笨笨的🫳🏻",
강아지 놀아주기,post,62af55290f5935df,"울산 성남동 걸어서 10분~15분거리
좋아하는 떡볶이집 생겨서 포장하러 고고
주문할동안 매트펴주고 `기다리고 있어` 라고 하니
저렇게 잘기다리고 있을줄이야🥺🥺마음이 찡 해져옴
5살 형아 강아지 멋져👍👍👍",
강아지 분리불안,post,daaf382094bba56e,"와,,, 진짜 우리 댕댕이한테 이거 입혀보고 기절하는 줄 알았잖아 ㅋㅋㅋ ㄷㄷㄷ

바사바사 강아지 케이프 2종 세트 이거 완전 요물이다 진짜 ;;;;

영문도 모른 채 가만히 협조해 주는 우리 금쪽이 모습 보는데 심장 아파 죽는 줄 알았어 ㅎㅎㅎ

산책 나갈 때마다 이거 하나만 툭 채워주면 인싸 댕댕이 등극 완성이자나 ~~!

진짜 세상 귀여움 혼자 다 뿜뿜해서 이모 지갑 또 열리게 만드는 마성의 아이템이야 ㅠㅠㅠ",
강아지 분리불안,post,13b49df2a958e3bc,"산동이의 첫 운동장, 첫 뛰뛰

하루하루 매일 달라지는 산동이 ✌🏻
이렇게 잘 뛰는데 어떻게 보호소에 3개월 있었을까
그것도 입질 때문에 묶여서 지냈다고 
안예민한 게 이상한 거 아닌가..

보호소에서 말해준 산동이는 입질있음,강아지 관심없음, 안짖음 
내가 아는 산동이는 입질없음,강아지 아주 좋아함, 짖음ㅋㅋㅋㅋ
이였다 난 누구를 데려온 건가...

요즘 쫄쫄이가 되고 분리불안,고리불안이 생겼지만
이제서야 자기주장을 하는 게 안쓰럽다",
강아지 분리불안,post,3ccfca0f2ea397c6,"분리불안으로 민원까지 받던 강아지.
방문교육은 딱 1회였어.

3살 말티숑 몽글이는
이사 후 보호자가 외출하면 내내 짖었어.

보호자가 직접 연습할 때는 조용해서
괜찮아졌다고 생각했지만,
실제로 출근하면 달랐지.

그런데 방문교육 후 이런 후기가 왔어.

“회사 출근하고 9시간 이상 집에 혼자 있는데
안 짖고 자다가 밥 먹고 잘 놀더라고요.”

내가 중요하게 보는 건
훈련사가 돌아간 뒤,
보호자가 실제로 출근했을 때의 모습이야.

실제 후기 👇
 

분리불안 교육은 꼭 몇 달씩 해야 한다는 말,
너희는 어떻게 생각해?",
강아지 분리불안,post,05c7d9247aa297a5,"강아지 분리불안 싹 없애주는 미친 노즈워크 공 ㄷㄷ

굴리면 간식 쏙쏙 나와서 혼자 1시간 동안 이것만 가지고 놂 ㅋㅋㅋ

출근할 때 이거 안 챙겨주면 진짜 불안함 
다들 반려견 장난감 추천할 만한 거 또 있나요?",
강아지 분리불안,post,0b5e36ab663d7fb0,"콩이가 떠난 지 1년이 되어가고 있다
 
출근할 때 나서는 내 발목을 붙잡던 아쉬움
귀가할 때 내 발걸음을 재촉하던 즐거움
여행갈 때마다 뒤돌아보게 만들었던 미안함
어떤 여행도 콩이랑 함께 하는 것보다 즐겁지 않았는데
여행 기간내내 돌아가는 날을 손꼽아 기다렸는데
그런 콩이가 사라진 집을
1년 내내 혼자 지키고 있다
 
덜 외롭자고 커피숍도 오픈했다가
친구 가게에서 알바도 했다가
다시 주말 알바를 구했는데도
문득 내일이 작년 콩이가 떠난 
10월의 시작이라는 생각에 이르니 
이 먹먹함을 서러움을 억울함을 견디기가 힘들다
너무 일찍 떠났다 내 아가 내 강아지

콩이를 떠나 보내기 전
다섯달 동안 동물 병원에 들였던 병원비가 너무 엄청나서
이렇게 오래 아프면 
나에게 닥칠 경제적 어려움을 미리 걱정했었고
콩이가 아픈 것보다 
콩이 아픔을 지켜보는 내 마음을 더 미리 걱정했었다
내 새낀 하루하루 급하게 수명이 줄고 있었는데 
나는 콩이에게 좋은 엄마가 맞았을까?",
강아지 분리불안,post,f47217a1d0a7722e,"속사정=강아지안되는 아파트..
근데 오늘자 당근 동네 생활글에 적힌글보니 아직도 혼자있네요",
강아지 분리불안,post,01be84d80fd44523,"강아지 키우고싶다
포메 생각중인데 특징 뭐 있어?",
강아지 분리불안,post,51bc22d30b10a180,강아지는 요크셔 종특상상 알러지가있어서 자주긁어서 입주위에 피부염은 만성이라 오래되었데요 약먹였더니 피검사에서 수치가 올라가서 약중단하고 넥가드 씌웠어요 넥가드 씌우면 가만히 있고 약용샴푸하고 있어요 저는 제가 햄스터를 잘길르고 햄스터를위해 햄스터가 아프면 동물병원 여기저기 데려가고 제가 능력이 없기에 제가 가진돈에서 시간과 돈을 햄스터를 위해 사용하고 돈이 없을때는 제 결혼예물까지 팔면서 햄스터를 길렀어요 그래서 강아지도 제가 잘 기를수 있을것같았어요 봉사활동도 하고 심사숙고해서 강아지를 데리고 왔지만 제가 우울증이있고 강박증이 있어서 약도 먹고있고 전업주부인데도 살림도 잘못해요 제가 살림도 햄스터기를때처럼 잘할수있을줄 알았는데 제가 우울증 강박증이 있어도 의지가 있으면 잘할수있을꺼라 생각했는데 매번산책과 산책후 몸닦이고 너무 힘들어서 집안살림을 제대로못하고 아이공부도 못봐줘서 전업주부의역할을 제대로 못하고있어서요... 남편성격이 폭군적인성격에 결벽증이 심해서 살림하는것도벅찬데,
강아지 분리불안,post,f326bb7bc7a31b2c,"임보 중인 강아지 입양처 구하고 있어요~!!
궁금한점은 문의 주세요!

▶이름 : 아키 ♂️
▶나이 : 만 4살
▶무게 : 13.7kg
▶성격 : 보호자를 잘 따르고 순해요. 평소 독립적인 성격으로 다견가구보다는 외동견이 좋을 것 같아요. 약간 쫄보라 큰소리가 나면 잘 놀라요.

▶대견 : 실내, 놀이터 등에서 문제행동은 없으나 다른 강아지가 귀찮게 하는 경우 으르렁 거림이 있어요.
혼자 돌아다니는 시간이 많지만 다른 강아지들과도 뛰어 놀아요!
산책 중 다른 강아지를 마주치는 경우 흥분, 짖음이 있어요.
▶대묘 : 같은 공간에 있어본 적 없어서 성향 파악이 어려워요.
산책 중 고양이를 마주치는 경우 흥분, 짖음이 있어요.
▶배변 : 따로 교육한 적은 없고, 현재 100% 실외 배변 중이에요.
▶분리불안 : 8시간도 문제 없어요.
▶차 멀미 : 1시간 30분까지 문제없어요. 그 이상의 장거리 이동은 경험해본 적 없어요!",
강아지 분리불안,post,5343ac47e0497a22,"울 강쥐 처음 만난 날. 

강아지 키울 생각도 없었는데 
집 앞 이마트 갔다가 혼자 구석에서 떨고있는 모습이 아른거려서 반대하는 남푠을 48시간동안 들들 볶아 ‘반 강제로’ 동의 구하고 데려온 울 강아지.

이젠 나만큼 좋아하는 남푠. 얘 없는 삶은 상상 못 해▓",
강아지 산책 못,post,9c004ac51894382a,"아이고ㅠ 맘아프겠다ㅠ우리 첫째도 저랬는데 둘째가 오고나서 좀 나아졌다가 나중엔 둘째랑 같이 하울링하더라..ㅠㅠㅠㅋㅋ 나는 산책 30분+시키고, 분리불안음악 틀어놓고 방마다 최애간식 다 뿌려놓고 나갓어. 지금 3살,2살인데 하울링은 안하고 대신 현관문앞에서 쭈구려져 잠ㅜㅜ 그건 또 그것나름대로 짠해..ㅠ근데 우리애들은 분리불안보단 고립불안이라 효과잇을진 모르겟어ㅠㅠ",
강아지 산책 못,post,82883a9039cadc41,저사람도 강아지 키우면서 왜 그러냐 에휴,
강아지 산책 못,post,0f821905124e336c,"솔직히 살 빼는게 쉽지 않지;;
그럼 다들 팔자 좋게..ㅠㅠ

그래서 나는 강아지 키우면서
아침 저녁 산책 30분씩 나가고 있고

보조제로 메타필정 지방케어 챙겨먹고 있어
2달만에 -7키로 됐는데
다들 얼굴 좋아졌다고
안색이 폈다고 난리난리..

역시 사주팔자는 과학인가ㅋㅋ",
강아지 산책 못,post,2f91a4a0e2d283d9,"나 지금 숨 멈춤

손에 안겨 있는 하얀 강아지 봤거든
솜뭉치 같은 얼굴에 눈만 동그랗게 떠 있음

머리 위로 손이 쓱 올라오는데 가만히 있는 것도 ㄹㅇ 반칙이야

한 번 보고 못 믿어서 또 봄
그래도 안 믿겨

귀여운 게 무섭다는 말 이제 알겠음...",
강아지 산책 못,post,f5b68626b0b5d5f9,"#명주동#남문동#강릉안길마실축제#플리마켓#무지개간식
이번주 일요일~ 강릉안길 마실축제가 명주동.남문동에서 열려용~~^^ 즐거운 프로그램들이 많이 있어서 구경오시기 딱!좋아! 무지개간식도 참여~~ 강아지 수제간식 과 모루인형들고 출동~~!!! 산책 나왔다가 들리기 좋을듯용~♡
이번주 토요일/일요일~ 매장말고~ 플리마켓에서 뵈용~~~^^",
강아지 산책 못,post,43340f77c4b2c7a1,"햇빛이 강해 커튼을 조금만 열어놓았더니
명당에 누워 광합성하는 토리💚

선선한 가을 바람과 따뜻한 볕이
너의 오늘을 다채롭게 물들여주길🍁

사랑해💗

🧡예쁜 댕댕이 친구들 가을에 산책 많이 하댜🧡",
강아지 산책 못,post,d5581f34cb0c4756,"야 강아지 산책 시킬때 오도바이 스쿠터 125cc, 50cc로 하는애 없냐? 전기 자전거라든지 쪼매난애 말고 중, 대형견으로 , 매달고 100키로 때려밟고 다니게? 하는 개 병신 호로들은 재빨리 창문 밖으로 뛰어내리고 정상적 사고 가능한 섹시가이 반려견 오너들 있냐 그레이 하운드 같은애들은 정상적으로 산책이 안된대서 그럼 대형견 쯤은 오도바이로 매크로 걸음 치면서 산책 안될까 생각중인데. 우리동네는 어차피 차가 없음.",
강아지 산책 못,post,5795d09d2d2ae40b,"여름 아스팔트가 60도 넘으면 강아지 발바닥 화상 입는다는데
이 크록스 신기니까 뜨거운 바닥에서도 잘 걷더라
반려인이면 산책 전 바닥 온도 확인 이건 알아야 함",
강아지 산책 못,post,eebbd75e31cbb32b,"표정 보이지?
뭔가 원하는 표정이야ㅋㅋ
좀 오래 같이 살다보면
강아지도 표정이 다 있어ㅋㅋ",
강아지 산책 못,post,62876f6f89c4899c,"아니 우리집 강아지 저거 갔다주니까 
그냥 하루종일 놀다가 나자빠지네 ㅋㅋㅋ 

산책 뭐하러 나감 집에 저거 두면 되는데",
강아지 심심,post,231c6e0ddb0cf638,"강아지 키우는 언니들 이거 모르면 진짜 손해임... 🐶 매일 산책마다 마주하는 그 따끈따끈 응가 손맛에 현타 오는 언니들 나뿐만이 아니지? 흑흑. 진짜 치울 때마다 찝찝하고 귀찮아서 미칠 지경이었는데, 요즘 내 산책 삶의 질을 뒤흔든 진짜 역대급 물건을 찾아버렸잖아. 진짜 왜 이걸 이제야 알았나 싶을 정도로 신세계 그 자체임. 이거 진짜 물건인데... 너네만 모르고 손해 안 봤으면 좋겠어. 다들 이거 어떻게 처리하고 있어? 꿀팁 있으면 나도 좀 알려주라!",
강아지 심심,post,8dd887d4d93eb1b2,"춘식이와 나😍
요즘 골 때리는 춘식이 ㅋㅋㅋㅋㅋ
귀여워, 하찮아...
진짜 알알대장
blog.naver.com/dnthe…
.
.
.
#댕냥테라피 #강아지 #포메라니안 #춘식이 #포메스타그램 #단골손님 #단골강아지 #단짝 #하찮은 #멍뭉이 #알알대장 #강아지피부 #강아지스파 #강아지케어 #강아지스타그램 #강아지돌봄 #맞춤 #울산",
강아지 심심,post,35edfaf2a3b4f4c1,"생일 선물로 장난감 20개를
한꺼번에 주면 강아지는 뭘 고를까?",
강아지 심심,post,0716ab786d317045,"내가 본 할머니 할아버지가 보호자인 강아지들은 대체로 특징이 있었는데 산책시 보호자의 느린 걸음에 맞추어 옆에서 살살 걷는다 절대 리드줄을 당기며 뛰거나 걷지않음 걷다가도 속도가 애매하다 싶으면 주위를 한번 둘러보며 보호자의 걸음을 기다리고 서있음 보호자가 공원벤치에 앉아 쉬면 가만히 옆에 앉아있다가도 지팡이를 짚으면 바로 벌떡 일어나 떠날준비를 함
하절기는 손뜨개로 만든 끈나시, 동절기에는 조끼나 스웨터를 입고있음 겨울에는 그위에 목도리까지 야무지게 하고있음
아침,저녁 평일,주말 거르지 않고 매일 규칙적으로 나옴 다리근육이 제법 짱짱함
표정이 매우 여유롭고 초조함이 없음
보호자와 비슷하게 나이가 많아 털이 희끗하게 새어있기도함
저녁노을 사이로 둘이 같이 함께 집으로 느릿느릿 가는 모습이 매우 평화로움",
강아지 심심,post,5e5c5dfade68edb1,강아지 보험이랑 적금 꽤 큰 도움받았오!! 그래도 목돈 나가긴한데... 그렇게라도 치료받아서 나을 수 있는 병이라면 난 할구야,
강아지 심심,post,7a05c47ec77105d1,"오전 10시경 신사 무궁화 공원 앞 강아지가 혼자 돌아다니고 있었어요 ㅠㅠ
주인있는 강아지 일거같아서 여기에 올려봅니다!
#강아지 #강아지유기견 #강아지주인찾음 #압구정",
강아지 심심,post,0f972708b8ee55fa,"입맛이 없네 365일 그랬으면~
다이어트 편의점 사장님 근육 강아지, 나도 가지고 싶네🤔✨️
짱 귀엽다",
강아지 집에 두고,post,9350cef438bfcb14,많이힘들지? 6년간 최선을 다해서.. 사랑받은티가 흘러넘치도록 잘 키운 강아지를 두고 이런 글까지 올린 쓰니맘이 어떨지 상상이안간다.. 부디 마음 잘 추스리고 잘 해결되길바랄게..,
강아지 하울링,post,f540aa353e40eae0,강아지 짖는소리좀 고만하고 할일이나 좀 잘해... 아부로 공천 받음 누가 찍어는주냐?,
강아지 하울링,post,22bc8f86216e684f,"🐣 도리 신규 알바 추가됨
이번엔 강아지 산책 알바🐶
첫 출근부터 토리랑 함께 나왔는데
일단 둘 다 신남🐣🐶
오늘도 열심히 벌어보자💰
도리의 N잡은 계속된다…",
강아지 하울링,post,24eac1a9d3cb4535,"엄청 엄청 조심스럽게 다가와서 허락을 구하면 강아지 멱살잡고서라도 앉혀서 만져보게 해드리고(학대가 아니라 강아지가 사람좋아강아지라 과하게 흥분해서 피해끼칠까봐ㅠㅠ)
손부터 나가는 인간들은 내가 먼저 뭄",
강아지 하울링,post,0ba1df84f363a1a0,"임보 27일차

추석연휴에 병원 다녀온 강아지
약도 잘먹고 밥도 잘먹어서 이제 완전히 살아난 튼튼이강아지
넥카라도 처음엔 이게 뭐냐며 버럭하더니 5분만에 적응 끝나신 양반강아지
잘먹고 잘자고 잘싸고 아프지 말자 강아지야

#코기온_벤자민 #임보 #임보일기 #가족찾아요 #웰시코기",
강아지 하울링,post,46b33cbdcf2cb1f1,강아지 키우게 해주면 감사합니다 하고 깨끗히 관리 해주는게 기본아닌가...,
강아지 하울링,post,fa5748a3e4553757,"제가 짝궁와 고양이랑 함께 살고싶은데
짝궁은 강아지/고양이 알러지가 있습니다
제 선택에는 고양이를 버리는건 절대 없는데
여러분이라면 뭘 고르실건가요",
강아지 하울링,post,3a5c254bdb49b8b2,"날씨가 풀려서 강쥐마니나오는데
제발 제발 자동줄하고 핸드폰하지좀마라
그래놓고 혼자 놀라서 나를 왜째려보는데
지 개한테 넌 어쩌려구 저런 큰 덩치한테 덤비냐
이런 얘기 왜하는데 한번만 더 그러면 진짜 큰 덩치인 제가 덤비겟습니다 우리 줄리는 떨어지는 도토리 소리도 무서운 애라고ㅡㅡ",
강아지 하울링,post,6e5aaea606d36c4b,"아 진짜 타격감 제로다 제로🤣

#비숑 #비숑프리제 #dog #일상 #천안",
강아지 하울링,post,a41bcae261d1f53f,"강아지 최애 간식이 뭐야??

잘먹는거 추천받고싶음",
강아지 하울링,post,6a4bf77ec72ac8cf,난 강아지가 화장실서 볼일봐서 매일 씻기전에 매일 세제로 하는데,
강아지 혼자,post,5f1296ab71e52c44,"아 강아지 버리고 싶은데 어떻게버리지
칼슘옥살레이트 결석수술을
2024년 2025년 했는데
2026년 또 돌이 가득찼네
수술비가 감당안되고 결석사료도 너무비싸
지금 기초수급자 신청해둔 상황인데
더이상 감당이 안돼
매년마다 수술시켜야하고
쨌던데 또 째고
결석사료 먹이면 재발 안되는줄 알았는데
계속재발되네
나이도 6살밖에 안되는데
더이상 피오줌 싸는거 보고싶지 않다",
강아지 혼자,post,d2a5694cd23c0940,"스레드하고 카메라렌즈타령하는걸보면 사지멀쩡하고 하고싶은것만 많은 철없는 40대
그와중에 쿠팡짤렸다 직장못구한다 이런소릴하는걸보면 배불러보이네
진짜 간절한 사람이었다면 짤릴짓을 안하지
그러면서 강아지 버리고싶단 말이 나와?
아니지 말이 나오는게 아직 여유로운거지
진짜 급박하고 여유없는사람들은 그런말 할 시간도 없고 스레드나 하고있을 시간도 없거든
40대면 온전한 가정을 혼자 짊어지고도 남았어야 할 나이에 그 작은 생명하나 감당못하고 징징거리는 자신을 좀 돌아봐라
돈이없어? 벌어. 직장이없어? 구해.
이 쉬운게 안된다면 안되는 이유부터 해결하자. 무슨일이 있어서 지금까진 지나쳤다 치고, 앞으로는 지금까지처럼 살지말자.",
강아지 혼자,post,70c5a62aadecfac0,"강아지 목욕시킬 때마다 한바탕 씨름부터 시작됐다면, 욕조 위에 설치한 뒤 강아지를 올려두면 안정적으로 고정돼 혼자 빠져나오기 어렵고
물은 아래로 자연스럽게 빠져서 허리를 계속 숙이지 않고도 편하게 씻길 수 있는데, 이런 편리한 방식이 알려지면서 해외 SNS에서도 반려인들 사이에서 바이럴을 타며 주목받았고
목욕만 시작하면 탈출하려는 강아지를 붙잡고 씨름하던 시간까지 훨씬 편해진다고...
#꿀템 #쿠팡 #강아지#고양이#애견용품",
강아지 혼자,post,955937082a7ffc7e,"고양이 분리불안에 도움을 준다는 묘한쿠션 써본 후기 🐈🤍
 
묘한쿠션은 집사의 버려지는 옷이나 담요 등으로 만드는 리폼 쿠션이야ꜝꜝ
쿠션에서 익숙한 집사 냄새가 나니까 출근하고 혼자 있을 고양 이한테 안정감을 줄 수 있고 넘 좋더라고ꜝ
원래는 집에서 자주 입는 옷을 보내려고 했는데,
이왕 만드는 거 우리 조이가 좋아할 만한 촉감이면 좋겠다ꜝ
싶어서 새 담요를 하나 사서 안고 다니며 채취를 묻히고 보내드 렸어
버려지는 옷이 분리불안이 있는 강아지 고양이에게 안정감을 주 는 쿠션으로 만들어진다니 넘 좋은 것 같아🥺
우리 조이 묘한쿠션 얼마나 편한지 감도 안옴🙄
분리불안이 있거나 집사가 외출하면 유독 불안해하는
강아지 고양이를 위해 좋은 쿠션인 것 같아 완죠니 추천행🥹
사실 조이랑 한시라도 떨어져 있으면 보고 싶어서 내가 분리불안이지만🤣
조이야 엄마 냄새 나는 쿠션이니까 혼자 있을 때도 잘 있자..🤍
1
/
2
HAPPY! HAPPY! HAPPY!(씰룩) · RIIZE",
강아지 혼자,post,f5546380840ed351,"오늘은 78주년 국군의 날
1950년 10월 1일은 한국군이 남침한
북한공산군을 반격한 끝에 38선을 돌파한 날
그날의 의미를 살리기 위해 국군의 날로 지정된 날이다
내 외할아버지는 그 시절 육군이등상사(지금 상사)로
한국전쟁에 참전하시고 화랑무공훈장을 받으시고
지금은 현충원에 계신다
어렸을 때 할아버지는 항상 힘들어하셨다
실수하지 않으실 정도로 술에 기대어 계셨다
중학생 때 알게된 이유는 그랬다
자기 소대원들을 모두 전투에서 잃고
혼자 살아 남으신게 너무 죄스러워 하셨던거다
나한테는 그저 내 강아지 왔냐 하던 그 할아버지는
그렇게 스스로와 돌아가실 때까지 싸우고 계셨던 거다
내가 백마부대 들어가 첫 휴가를 나와서 할아버지를 뵈러 갔을 때
내 경례를 받으시며 웃으며 나를 안아주시던 할아버지
보고 싶어요 너무나....
대한민국 군인들은 모두 존경받아 마땅하다
그들이 없다면 지금의 우리는 없는 거다
그들이 있기에 오늘도 우린 편하게 각자의 자리에 있는거다
백마!!!!
태극기 휘날리며 에필로그 · Lee Dong June",
강아지 혼자,post,49cc41a6226d49c9,ㅇㅇ 조용히 곁을 지켜보는데 그것도 눈치껏 이지..남들 부둥켜 안고 울고 하는데 혼자 떨어져서 멀뚱히 가만 서있는 것도 아니지..남편이랑 다른 가족이 그렇게 우는거 보면 눈물이 안나도 슬픈 마음이라도 들지 않나..? 그리고 가족들이 슬픔을 나누는데 나는 남편 가족 아니야..? 숙모는 어색 하더라도 님편이랑 시어머니 손이라도 잡아드리고 올 수 있지. 하다못해 온라인 상에 남의 강아지 죽는걸 봐도 슬플 때가 있는데..얼마나 멀뚱히 서있다 갔으면 시모가 저럴까 싶긴 해.,
강아지 홈캠,post,2be84d4d81cb278e,"10월 1일이야 !!
2층에 위치하고 있고
이제 막 6개월 차 신생아 자영업자야.....
ㅠㅠ 입구 위치도 살짝
옆쪽에 있어서 찾기가 어렵다고
하시는 분들도 종종 있더라구
2층으로 올라오면 아늑하게 꾸며져있는데!!!!!!
많이 놀러와줘.. 귀여운 강아지 버터도 있다구
요즘 많이나가는 빠쉐파스타~~~ 토마토 해장파스타야 진짜 맛있는데 !!!!
2층 자영업자 분들 화이팅... ♥
잠실에서 야구보는 친구들 2차로 놀러와..!
12시부터 오픈해서 점심도 가능하구
낮술도 가능해 !!!
POCO HOUSE
서울 송파구 백제고분로9길 41 2층
naver.me/xm0Go…",
강아지 홈캠,post,7313f85610c1ea1a,"안녕 스치니들~^^
오늘은 아이들과 산책하던 중 세상에 이런 일이~생겼어.
원래 개와 고양이는 상극이잖아.
처음보는 야생 고양이가 우리한테 다가오더니 나란히 함께 걷는거야.
혹시 물리거나 공격 당할까봐 가라고 해도 안 가고
우리 강아지들 옆에서 나란히 걷는데,
더 웃긴 건 우리 애들도 옆에서 함께 해주는 거 있지^^
무슨 인연이었길래 만나게 된 걸까?
다시 나타나면 집으로 데려 가려고~^^",
강아지 홈캠,post,c9f0ebb1bd06ed36,"강아지 키우는 집 특징 TOP5 🐶
1. 바닥에 정체불명의 장난감이 항상 굴러다님
잘못 밟으면 사람만 비명 지름ㅋㅋ
2. 가족끼리 대화하다 갑자기 강아지한테 말 걸음
그치?? 너도 그렇게 생각하지?
3. 택배 오면 내 물건보다 강아지 물건이 더 많음
간식 + 장난감 + 옷 무한증식
4. 사진첩의 80%가 강아지임
똑같은 자세인데 20장씩 찍어둠ㅋㅋㅋ
5. 가족 중 한 명은 무조건
강아지 절대 안 키운다 했던 사람임
근데 지금 제일 예뻐함",
강아지 홈캠,post,116e8269239a3d30,헐 둘이 쌍둥인데 이란성이라 하나는 강아지 하나는 고양이로 태어난 것 같아.. 어떡해 넘 몽글몽글 따수워....,
강아지 홈캠,post,fc1be59dbd2e3ced,"인스타 릴스 보다가 어? 좋아요에 탄광촌 흰둥이???!!
설마? 하고 보니 준재 🐿️♥️
귀여운 테토다람쥐는 귀여운 영상만 보는구나??♥️
ㅋㅋㅋㅋㅋㅋㅋㅋㅋㅋㅋㅋㅋㅋㅋㅋㅋ
(영상 : 강아지 미용 영상ㅋㅋㅋㅋㅋㅋㅋㅋ)",
강아지 홈캠,post,78fedbe6e809b159,스테이가진 강아지 오랜만이네^^,
강아지 홈캠,post,f0d4e514094e0ace,강아지 절대 안 키운다던 이가 나였는데 ㅠㅠ..이젠 상전을 모시고 살아간다네.,
노즈워크,post,c93f45bb63eb4baf,"강아지 IQ 테스트해 보는 미친 퍼즐 장난감 ㄷㄷ

간식 먹으려고 퍼즐 요리조리 움직이는데 능능하게 잘 찾아서 놀람 ~~
노즈워크 5분 컷 하는 똑똑한 강아지들한테 최고임 ㅋㅋㅋ

다들 반려견한테 도전해 보실 분?",
노즈워크,post,04530062a3cedbad,"그게 처음엔 몇번 있을거야
그치만 강아지들이 생각보다 똑똑해서 나중엔 먹는 보상이 없으면 이걸 해도 의미가 없다는걸 알게돼
종이를 찢었는데 그안에 사료를 발견해서 먹으면 행복하고 재밌잖아 !
근데 찢었는데 없어! 그러면 실망하고 다른걸 찢었는데 또 없어
그러면 아 보상이 있는것만 찢어야한다고 생각하고
보상이 없으면 찢었을때 재미가 없으니까 서서히 줄어들어
한번에 고칠 생각하지마 천천히 바뀔거야
그리고 나도 우리 강아지 어릴때 종이나 휴지 물어뜯어서 엄마가 혼내면 한말인데
강아지가 닿는 방향에 그런 물건을 둔 주인 잘못이지
우리 아가들은 그거 찢으면서 얼마나 재미있었겠오ㅋㅋㅋㅋㅋㅋ",
노즈워크,post,e4103b42e8cd2d6c,"강아지 유치원, 한 달 평균 25만 원
혼자 두기 미안해서 유치원 알아본 적 있지
평균이 이 정도더라
답은👇",
노즈워크,post,de863708c7225c01,"평소 컨디션
우드스틱 각종 터그 노즈워크
개 장난감 개 많이 사줬는데
내 손을 더 좋아함",
노즈워크,post,e6a97f372a640803,"중대형견 키우는 집이 이거 많이 필요하다길래
당근에 나눔 올렸는데 아무도 안가져가시넹 ㅇㅅㅇ..
리트리버처럼 큰 애들은 큰게 필요하대서
회사에서 업소용 휴지심도 모으고 있었는데..
필요한 스친 있니..?",
노즈워크,post,0cf89e0ea2f66426,"재밌는 노즈워크 시간❤❤ 너무너무 잘하는 루크❤
#즐거운애견미용 #즐거운애견놀이터 #강아지놀이터 #노즈워크 #강아지노즈워크",
로봇청소기 강아지,post,2dd9ae5c6ef567f5,"이제 곧 이런 사진찍을 날이 다가오고 있네. 
다들 가을가을한 강아지 사진 있으면 자랑해줘!
같이 힐링하자 🥰🥰🥰",
로봇청소기 강아지,post,fc18c77078e8320c,"여러분은 대형견 키우지 마세요. 

특히 실외 배변하는 대형견은 정말 힘듭니다.

하루 세 번 규칙적으로 산책을 나가야 해서 체지방률이 자꾸 10%대에 머뭅니다. 

주말도 망가집니다. 
멀리 놀러 가지도 못하고 기껏해야 강아지랑 테라스에 앉아서 햇살 쬐며 책이나 읽고 있어야 합니다. 

술도 마음대로 못 마십니다. 
 ‘집에 가서 밤 산책해야지’ 생각하면 적당히 마시고 집에 들어오게 됩니다.

늦잠도 못잡니다. 
눈을 뜨면 침대 옆에 커다란 얼굴 하나가 말없이 오늘 일정을 통보하고 있습니다. 

사람이 가끔 화도 내고 스트레스도 받아야 정상인데, 강아지 쓰다듬고 있으면 마음이 잔잔해집니다. 인간미가 없어요.

욕망도 많이 사라집니다. 
햇살 좋은 날 강아지가 옆에서 꾸벅꾸벅 졸고 있으면 인생에 더 필요한 게 있나 싶어집니다. 

외로움이 뭔가요. 맨날 붙어다녀서 고독을 즐길 여유도 없어요. 자고있는 모습만 봐도 웃음이 나와서 사람이 실없어 집니다. 바보 소리 들어요.",
로봇청소기 강아지,post,b8d709fb7d62188c,"어느 피드에서 분명 강아지 증명사진 올린걸 보고 따라해봤는데 피드가 없어졌네.. 댓글 달려고했더니
우래기들도 이쁜데 백설이는 맨날 웃는애로 표현해주네 웃겨",
로봇청소기 강아지,post,34897e3c1423ae66,"""강아지 각막이 녹기도 합니다""
동물병원 원장님에게 처음 이 말을 들었을 때, 저도 모르게 ""네?""하고 되물었어요. 

저는 원래 식물을 연구하는 사람이에요.
요즘은 강아지 치주염이랑 피부 치료를 연구하면서 동물병원 원장님을 자주 만나뵙고 있는데, 그러다 제 연구노트에 전혀 생각지도 못한 주제가 하나 추가됐습니다.

'강아지 안약'
그런데 이 이야기가 또 엉뚱하게 샴푸 만드는 데까지 이어졌어요▓",
로봇청소기 강아지,post,31d385dc655a7900,귀여운 강아지 사진 보여줄 사람 ㅠㅠㅠ,
로봇청소기 강아지,post,60efc7b75b60d2f1,견종에 상관없이 본인 반려견이 공격적인 성향을 띈다면 사고 예방차원에서의 입마개의 착용은 보호자의 선택이죠. 그런데 입마개 필수 견종이 아닌 견종에겐 입마개를 하라는 건 선택이 아닌 강요겠죠? 내 강아지 산책은 강아지 공포가 있는 타인을 위한 게 아닌 내가 내 강아지와 안전하게 밖을 걸어다닐 나의 권리입니다.,
로봇청소기 강아지,post,2a867fdd00d2c3c1,"출근하고 폰으로 강아지 홈캠 켜봤다가 현타옴

이 강아지 혼자 거실 서성이는 거 봤는데 개 마음 찢어지더라

소파 앞에서 왔다갔다만 하다가 그대로 가만히 서있음

이거 보고 사무실에서 당장 뛰쳐나가고 싶었다는데 진짜 공감됨

집 비우는 시간에 애 혼자 뭐하나 이런 거 한번 보면 못 끊음",
로봇청소기 강아지,post,8664eb0a8fa5e374,"오늘은 검정 강아지의 날 🖤

검정 강아지 키우는 분들은 아시죠?
사진보다 실물이 훨씬 예쁘고,
보호자 눈에는 한 마리 한 마리 얼굴도, 표정도 완전 다르다는 거ㅋㅋㅋ

저희 집 태리랑 토리도 둘 다 블랙탄이라
처음 보는 분들은 “둘이 똑같이 생겼다”고 하시는데
저한테는 진짜 하나도 안 똑같거든요🤣

그런데 오늘이 그냥 귀여운 기념일만은 아니라고 해요.

검정 강아지들이 털색이나 이미지 때문에
보호소에서 상대적으로 관심을 덜 받는 경우가 있다는 걸 알리고,
털색에 대한 편견 없이 바라보자는 의미도 담겨 있다고 합니다.

검정이라고 무서운 것도 아니고,
검정이라고 덜 예쁜 것도 아니고,
그냥 사랑받아야 할 똑같은 강아지들입니다🖤

오늘은 검정 댕댕이들
평소보다 한 번 더 예쁘게 봐주세요🐕‍🦺✨

검정 강아지 키우시는 분들 출석해 주세요🙋🏻‍♀️🖤
우리 집 검정 댕댕이 자랑도 댓글에 남겨주세요!",
로봇청소기 강아지,post,b424185dd5a8e3f0,글 진짜 잘쓰셨어요! 다 맞는 말이예요 ㅠㅜㅜㅠ 우리는 중형견인데 딱 저 생활이예요! 사랑한다 내 강아지😎✨,
로봇청소기 강아지,post,0265d5832f561fc4,"강아지가 자면서 발 파닥거리는 거 볼 때마다
꿈에서 뭘 쫓아가는 중인지 너무 궁금함
이거 보면 못 깨우는 사람 나만 아니지?",
로청 강아지,post,012417bb3b3551b0,"10월 1일은
🖤 검은 강아지의 날 🖤

#강아지 #강아지의날 #검은강아지 #검은강아지의날",
이동형 홈캠,post,5dc531b02d0baa48,"꼼이의 맥도날드 알바 3일차🍟 CCTV에 뭔가 찍혔다…👀

점장님이 CCTV를 보여줬다.
분명 누가 감튀를 먹고 있는데…🤔

#꼼이 #말티즈 #강아지 #강아지영상 #AI강아지",
이동형 홈캠,post,0a0a5e9cfdecec3b,"주인보면서 걷는 강아지를

뒤에서 보는데..

어쩜 그리 귀엽니...

그렇게 주인이 좋을까?

조건없이 그저 마음 주는 아이보니..

그냥 마음이가 좋아진다..

또 스레드에서 이쁜아이들보러 다녀야겠다

혹시 이글보는 치니들.

이쁜이들..사진좀 보여주라..",
이동형 홈캠,post,8ee3b54f9f741869,"형아랑 아빠 이불 샀다
대장 강아지님 맘에 드셨다 
나와
이불 빨고 써야지
나와 좀!!! 
아르르르르 송곳니 자랑하고 난리 🤦🏻‍♀️",
제트봇 강아지,post,db323e24e8c22ab8,나도 강아지 고양이한테 안전한 꽃 받으면 날 더 신경썼다고 느껴질거 같아 너무 고마울거 같아!,
제트봇 강아지,post,70f37bfbad511278,억새랑 잘 어울리는 강아지,
제트봇 강아지,post,5cbc4d674392a367,"10월 하늘은 영어로 blue가 아니라 azure야

azure (하늘색) - 필터 없이 찍어도 되는 하늘
glisten (반짝이다) - 햇살에 부서지는 한강 물비늘
temperate (온화한) - 반팔에 가디건 하나면 되는 날씨
saunter (느긋하게 걷다) - 점심 먹고 일부러 돌아가는 길
soak up (빨아들이다) - 벤치에 앉아 햇볕 쬐는 10분
frolic (즐겁게 뛰놀다) - 잔디밭 위 신난 강아지
exhilarating (짜릿한) - 내리막길 자전거에서 맞는 바람
drink in (넋을 잃고 보다) - 퇴근길에 멈춰 서서 본 노을
jaunt (짧은 여행) - 충동적으로 잡은 근교 당일치기

이번 주말엔 나도 목적지 없이 saunter할 거야",
출근 강아지,post,33fb0014b495acc5,"마지막 휴일 기똥차게 보내써?
난 출근 안하지롱😚
#강아지 #멍팔 #댕스타그램 #댕팔 #애견카페",
출근 강아지,post,09092829bf9ceb18,"출근 안하게요
pocarisweat_kr
#강아지 #ai #포카리스웨트 #막시무스둥
 님에게 받은 프롬포트로 에서 제작했습니다",
출근 강아지,post,cb7a9dc17db6b4bf,"강아지 키우는 스친들아
솔직히 산책 하루 몇번함?",
출근 강아지,post,9358563c18470f37,"강아지 한 마리가 목줄 끌고 혼자 돌아다니고 있었음
사람은 안 보이고
차도 바로 옆이라 그냥 지나치기가 좀 그랬음
일단 목줄 잡고 주변 둘러보는데
멀리서 어떤 분이 이름 부르면서 뛰어오더라
산책하다 목줄 놓쳤다고
숨도 제대로 못 쉬면서 고맙다고 하심
강아지는 정작 아무 일도 없었다는 듯 꼬리 흔들고 있음ㅋㅋ
나만 출근 전 심박수 제대로 올렸다",
출근 강아지,post,367733e158b52b5f,"일상 🗓
강아지 미용 기다리기 ➡️ 집 델다주기 ➡️ 출근",
출근 강아지,post,a519db29945a23a2,"난 넘 집 가고싶다🥹
연휴때 권력있게 강아지 두마리랑 놀았는데
넘 그리워🐶😞
다들 어케 이겨내고있는지 알려죠!
스하리 🩷 반하리 🩷",
출근 강아지,post,4381073202ce052f,"남긴 답글
알려줘서 너무 고마워🙏🏼 난 이제 강아지 집에 놔두고 9-6 밖에서 일하는 건 하고싶지 않아서... 뭘해야 고민중이었거든~ 그런데 스친님 회사 같은데면 강아지랑 같이 출근하고싶다😊",
출근 강아지,post,ac59ddea222fa091,"응 반복이야...살아지니까 사는기분
근데 낙이 없고...의미를 잃은 기분...
죽지 못해 사는 기분... 내 일상의 모든걸 다 걸고 지키고 싶던 내 강아지 먼저 보내고...
아프면서 정말 출근 빼고는 다 붙어있었는데...
떠나고 나니 나를 살리고 있던건 내 강아지였더라... 150일 됐는데...그냥...아무도 만나고 싶지 않고...그냥 스레드 인스타 보고 운동하고...
그냥 사람흉내 내면서 아무렇지 않은척 사는데...
그러다가 매일 몇번씩 무너졌다가 아무렇지 않은척 연기하는 기분으로 살아...",
출근 강아지,post,39695fe108a0ef28,"그 돈 받고 못하겠어.
목요일만해도 어드민들 16시간 일하고 금요일 PD하러 출근 했고 오늘인 토요일은 학교 70주년 행사하러 또 출근 함. 학교 행사는 1시부터 미드나잇까지야 ㅋㅋㅋ
🤣그리고 수요일에는 meet the teacher night 도 했어.
일하는 거에 비해 너무 적게 벌더라.
지금도 교감에 지원할 학위랑 자격은 충분한데
워라밸이…… 교감만 꿈으로 잡고 가기엔 단가가 안나오는 거래.
최소 교감 되고 5년안에 교장 달 목표로 하거나 더 큰 목표가 있어야 하는 거지. 교육감 달 생각으로 달린다던지.
나는 그건 아닌 것 같아~^^
40살 되고 철들었나바 ㅋㅋㅋ
3시에 집에 와서 강아지 산책시키고 소파에 앉아서 인스타그램 하니까 행복함 ㅎ",
출근 강아지,post,8bb146363cd8c17d,"오늘도 복작복작 화목한 사무실....
댕사원 출근하는 날 = 행복지수 1000%되는 날🥹❤️
강아지 동반 출근 가능한 회사 최고👍🏻👍🏻👍🏻",
퇴근하고 강아지,post,3f8c8efc5e1e37d9,"시댁에 강아지가 두마리가 있는데
난 강아지를 무서워해
어릴때 물릴뻔한 적이 있어서
짖거나 달려들면 내몸이 반응해
그래서 내가갈때마다 시댁강아지는
펜스나 작은방에 넣어두시거든
엄청 짖고 달려드는 강아지들이야
(참고로 시댁엔 1년에 2-3번감)
명절 아닐때는 보통 밖에서 외식하거나 그래
강아지문제로 자꾸강요하는 시어머니때문에
남편과 시어머니가 언성높인적도 있어서 
왠만하면 밖에서 보는 편이야
근데 이번명절때 시댁에 갔는데
강아지가 현관 밖으로 나오려하는 작은 소동?
이 있었고 ,펜스에 넣고나서 집으로
들어갔더니 시아버지왈
“아직도 강아지랑 못 사겨서
펜스에 가둬놔야 되냐?”
물론 웃으시면서 말씀하시긴했어
근데 너무 서운한거야
물론 그순간에는 침묵으로 대응했어
결혼후 10년동안 내가 강아지 무서워하는것때문에
죄인되는 느낌이라 시댁갈때마다
눈치보이고 그래 
항상 시어머니때문에 스트레스였는데
이번엔 왜인지 시아버지가 
그 말씀 하시는데 너무 서운하더라고ㅠㅠ
나같은 스친이들 또 있을까?",
퇴근하고 강아지,post,04487d5861652a8f,"강아지랑 친해질 기회가 없었는데 계속 무서워하는건 당연하거지;; 그럼 강아지가 안 달려들게 교육을 잘 시키시던가;;; 
내친구도 강아지 무서워했는데 우리 강아지 2개월 새끼때 와서 보곤 이제 덜 무서워하게 되긴했지..2개월 강아지가 무지성으로 달려들지 않고 거리를 두고 하니까 조금씩 교류 하면서 강아지에 대한 무서움이 좀 사라졌다고 하던대 (친구가 어릴때 강아지한테 물리적있었다함)",
퇴근하고 강아지,post,77e2cf03150b9fab,"우리집 강아지는 미친 강아지
집에 오면 반갑다고 냐옹냐옹
노래가 생각나네",
펫캠,post,2548afe66f808400,"찐이야 작진아 어찌된것이냐,
우리 애 얼굴이 선명하게 안뵈자나!! 😭😭😭😭",
펫캠,post,2f1e24025e50b54a,그리구 강아지 안 키우는 지인이어도 강아지에 환장하는 친구들 은근 많으니까 고민해바 여건이 안 돼서 못키우는거지 맡겨주면 너무 좋아하는 친구더 많던데!!!,
펫캠,post,c2bbc2624bf9be99,"우리 집 지켜주는 가성비 홈캠
혼자 있는 우리 아이, 잘 있는지 걱정되시죠? 300만 화소 초고화질, 360도 회전, 야간 감지에 양방향 소통까지! 구독료 걱정 없는 스마트 홈캠으로 소중한 가족을 든든하게 지켜주세요.
#홈캠 #펫캠 #강아지 #고양이 #반려동물 #홈CCTV #펫스타그램 #집사 #댕댕이 #냥스타그램 #홈카메라 #육아템 #필수템 #스마트홈 #가성비 #CCTV #반려동물용품",
펫캠,post,8ce737c2fb1a8276,"강아지 둘만 집에 두고 나갔는데
혹시나 해서 씨씨티비 켰다가 그대로 정지함
둘이 자기들끼리 놀고 있는 거 보고 있으니까
이게 뭐라고 자꾸 웃음 나옴
집 비울 때마다 뭐 하나 걱정했는데
이러고 있을 줄은 진짜 몰랐음
강아지 키우는 사람들 이거 알지ㅋㅋ",
펫캠,post,b5a4d59567bc6903,"짧게 여행갈땐 다니던 유치원에 호텔링 맡겼는데 유치원에 사고가 있어서 다 폐업했어
지도 강아지면서 다른 강아지는 싫어해서 다른 유치원에 놀이방도 맡겨봤는데 스트레스 많이 받아해
그리고 호텔링 방식이 좀 특이해
업무시간(?) 에는 유치원에서 놀고 호텔링 하는 친구들은 선생님이랑 같이 퇴근해서 선생님 집에서 잔대
강쥐 안키우는 지인한테 맡기면 너무 민폐고
엄마집에 맡기면 좋은데 엄마가 종일 보고 있는게 아니라서 사고칠까봪
봄봄이 입에 들어가는건 다 삼켜서 화장실 몰래 들어가서 슬리퍼 잘라 먹고 수술할뻔한 적 있어서 걱정 돼
산책이나 영양제 안 챙겨줘도 되고 내가 여행할동안만 일주일만 살려놔 주면 되는데 스친이들이라면 어떻게 할래?",
