doc,feature,neg_score,complaint,sentence
2676,storage,12.0,True,"6. 이런 사료는 먹이지 않기 사료에서 평소와 다른 이상한 냄새가 나거나, 색이나 모양이 눈에 띄게 변했다면 급여하지 않는 것이 안전합니다. 곰팡이나 벌레가 보이거나, 사료가 습기를 먹어 눅눅해진 경우에도 버리는 것이 좋습니다."
1236,storage,10.0,True,"강아지 배변이나 고양이 식탐 때문에 먹이를 자주 열고 닫다 보니 냄새가 퍼지고 곰팡이와 벌레 걱정이 사라지지 않았고, 습한 날에는 통 안쪽에 결로가 생겨 먹이가 눅눅해지는 경우도 있었습니다."
1522,storage,9.0,True,사료 상태가 이상하다면 급여하지 않는 것이 좋습니다. 변질 의심 신호 기름 쩐내 눅눅함 곰팡이 냄새 색 변화 벌레 발생 특히 여름철에는 생각보다 빠르게 변질될 수 있습니다.
462,vacuum,9.0,True,"곰팡이 사료의 위험성 아플라톡신 Aflatoxin 등 독소 생성 간 손상, 구토, 식욕 부진 유발 심하면 급성 중독 가능 예방 방법 제습제 건조제 함께 보관 직접 닿지 않게 매일 한 번, 냄새와 색 변화 확인 눅눅하거나 이상한 냄새 나면 바로 폐기 4 추천 보관 방법 밀폐용기 사용 진공식 밀폐통 또는 지퍼백 집게 조합이 좋아요."
1034,storage,9.0,True,"가장 확실한 지표 냄새 기름 찌든 냄새, 시큼함, 크레파스나 페인트 같은 불쾌한 냄새 시각적 변화 색깔 알갱이 색이 평소보다 짙어졌거나 불균일한 변색 변질의 증거 곰팡이 이물질 푸르거나 하얀 곰팡이, 벌레의 흔적 발견 시 즉시 폐기 촉각적 신호 질감 건사료가 눅눅해지거나 끈적거리는 느낌 사료를 신선하게 지키는 똑똑한 보관법 작은 습관이 우리 아이의 10년을"
462,storage,9.0,True,"곰팡이 사료의 위험성 아플라톡신 Aflatoxin 등 독소 생성 간 손상, 구토, 식욕 부진 유발 심하면 급성 중독 가능 예방 방법 제습제 건조제 함께 보관 직접 닿지 않게 매일 한 번, 냄새와 색 변화 확인 눅눅하거나 이상한 냄새 나면 바로 폐기 4 추천 보관 방법 밀폐용기 사용 진공식 밀폐통 또는 지퍼백 집게 조합이 좋아요."
2496,storage,9.0,True,"코로는 기름 쩐 냄새나 시큼한 냄새가 나는지, 손으로는 눅눅하거나 덩어리져 뭉치는지, 눈으로는 벌레나 곰팡이 흔적이 있는지 살펴보면 돼요."
1652,storage,9.0,True,목차 1. 사료 보관에서 가장 먼저 막아야 할 것 2. 초보 보호자가 자주 하는 실수 3. 습기와 산패를 줄이는 기본 보관법 4. 냄새 벌레 곰팡이 신호 체크 5. 개봉 후 관리 루틴 정리 사료 보관법 저도 처음에는 사료만 잘 사면 끝이라고 생각했어요.
1652,storage,8.0,True,"여기에 습기가 더해지면 사료 눅눅함이 생기고, 벌레나 곰팡이 문제까지 겹칠 수 있어요."
54,storage,8.0,True,"출처 unsplash 강아지 애견간식 오염 시 주의사항 대한수의사회에서는 벌레나 곰팡이로 오염된 사료를 섭취하면 구토, 설사, 식욕 저하가 발생할 수 있어 꼭 폐기해야 한다고 해요."
1872,storage,8.0,True,2 곰팡이 벌레 기름 산패 부분만 덜어내지 말고 싹 폐기!
462,storage,8.0,True,"하지만 사료는 개봉 후 공기 습기에 노출되면 산패나 곰팡이 번식 이 쉽게 일어나고, 이는 소화불량, 구토, 피부 트러블 같은 건강 문제로 직결 됩니다."
2145,storage,8.0,True,"색이 거뭇하게 변했거나 하얗게 곰팡이가 폈거나, 눅눅하게 뭉치거나 벌레가 보이면 그날로 급여를 멈추는 게 안전해요."
2061,storage,7.0,True,"개봉 후 시간이 지나면 사료 특유의 고소한 냄새도 사라지고, 눅눅해지거나 곰팡이가 생길까 봐 걱정되기도 합니다."
1373,storage,7.0,True,"산패된 사료는 맛과 향이 변할 뿐만 아니라, 아이들의 소화 불량이나 설사, 구토를 유발할 수 있죠."
1120,storage,7.0,True,"소화기 문제 산패된 지방은 소화 불량, 구토, 설사를 유발할 수 있습니다."
3091,water,7.0,True,"장마철에는 습기 때문에 정수기 주변이 눅눅해질까 걱정했는데, 통풍이 되는 구조라 그런지 곰팡이나 물때 걱정 없이 관리할 수 있었던 점도 써보고 나서야 알게 됐습니다."
1766,storage,7.0,True,특히 여름철만 되면 눅눅해져서 냄새도 나고 곰팡이 걱정까지 되더라고요.
2162,storage,7.0,True,눅눅한 사료를 여름철에 오래 방치하면 산패와 곰팡이가 같이 오기도 한답니다.
1277,storage,7.0,True,특징 계절적 효과 밀폐형 뚜껑 습기와 벌레 차단으로 여름철 곰팡이와 냄새 방지 투명 창 내용물 확인 소모 체크로 장마철 전 재고 관리에 유리 이동용 손잡이 바퀴 통 여름철 환기 위치 변경이나 겨울 실내 이동이 쉬움
1966,storage,7.0,True,강아지를 키울 때 가장 걱정스러운 부분은 사료 보관 처음에는 아무것도 모르고 포대 그대로 먹였다가 여름만 되면 특히나 곰팡이며 벌레며 걱정이 많아지더라고
1673,storage,7.0,True,"특히 습도가 높은 여름철에는 사료 봉투를 제대로 닫아두지 않으면 공기 중의 수분을 흡수해서 금방 눅눅해지고, 산패가 진행되어 영양소가 파괴되거나 곰팡이가 피기 쉽거든요."
3091,storage,7.0,True,"장마철에는 습기 때문에 정수기 주변이 눅눅해질까 걱정했는데, 통풍이 되는 구조라 그런지 곰팡이나 물때 걱정 없이 관리할 수 있었던 점도 써보고 나서야 알게 됐습니다."
2953,storage,7.0,True,"냄새가 시큼하거나 기름 쩐내가 나고, 벌레나 거미줄, 곰팡이가 보인다면 급여하지 않아야 해요."
1673,nutrition,7.0,True,"특히 습도가 높은 여름철에는 사료 봉투를 제대로 닫아두지 않으면 공기 중의 수분을 흡수해서 금방 눅눅해지고, 산패가 진행되어 영양소가 파괴되거나 곰팡이가 피기 쉽거든요."
2818,water,7.0,True,강아지 구토 원인 한눈에 보기 주요 원인 함께 나타날 수 있는 특징 급하게 먹기 과식 식사 직후 음식물을 내보냄 갑작스러운 사료 변경 구토와 무른 변 사람 음식 상한 음식 복통 설사 식욕저하 위장염 반복 구토 설사 무기력 기생충 감염 구토 체중감소 발열 이물 섭취 구토 복통 식욕부진 독성물질 섭취 침 흘림 떨림 경련 등 췌장질환 구토 심한 복통 식욕저하 간
1766,storage,6.0,True,"매번 사료 눅눅해질까 봐 걱정하시는 분 강아지사료 냄새 때문에 스트레스받는 분 깔끔하고 예쁜 애견사료보관함을 찾는 분 아이보리색 인테리어를 선호하시는 분 14,000원이라는 가성비 좋은 소형 사료통을 찾는 분 솔직히 처음엔 14,000원이라는 가격이 좀 부담스럽기도 했어요."
1240,storage,6.0,True,특히 진공 포장이 계속 신선한 사료를 유지해주는 게 눈에 띄는데 이전에는 사료가 눅눅해지거나 곰팡이가 필까 걱정했던 게 떠오릅니다.
1364,storage,6.0,True,"변질된 사료 급여 이상한 냄새, 색 변화, 눅눅함이 느껴지면 즉시 폐기하세요."
2356,storage,6.0,True,작은 벌레나 곰팡이가 보인다면 아깝더라도 급여하지 않는 게 좋아요.
2266,storage,6.0,True,"습기 차단 소재 사용으로 사료를 신선한 상태로 오래 보관할 수 있으며, 벌레나 곰팡이 발생 위험을 줄여줍니다."
149,storage,6.0,True,하지만 제대로 보관하지 못해 곰팡이나 벌레가 생기면 속상하죠.
1240,vacuum,6.0,True,특히 진공 포장이 계속 신선한 사료를 유지해주는 게 눈에 띄는데 이전에는 사료가 눅눅해지거나 곰팡이가 필까 걱정했던 게 떠오릅니다.
2259,storage,6.0,True,"특히 벌레뿐만 아니라 산책로에는 떨어진 음식, 쓰레기, 상한 음식물, 식물 열매 등 강아지에게 위험할 수 있는 것들이 생각보다 많습니다."
2276,storage,6.0,True,"사료가 금방 눅눅해지기도 하고, 벌레 걱정도 있어서 고민하다가 리치독스 사료통을 알게 됐어요."
2652,storage,6.0,True,1. 이상한 냄새가 나는 경우 사료 봉투를 열었을 때 시큼하거나 기름 쩐 냄새가 난다면 산패를 의심할 수 있습니다. 정상적인 사료 향과 다르다면 폐기하는 것이 안전합니다.
1803,storage,6.0,True,"저처럼 장마철 사료 산화나 눅눅함, 곰팡이 문제로 스트레스받으셨던 분들이라면 여름이 오기 전에 꼭 미리 준비해 보시길 추천해 드려요!"
149,storage,6.0,True,벌레 및 곰팡이 예방과 점검 방법 벌레와 곰팡이는 사료 품질을 크게 떨어뜨립니다.
1280,storage,6.0,True,진공 상태로 보관하면 기름 냄새가 덜 나고 습기나 벌레 걱정도 줄어드니 사료를 따로 밀봉해서 보관하는 번거로움이 없어졌어요 .
1255,storage,6.0,True,항목 묘향가 진공 자동급식기 일반 경쟁 모델 밀봉 방식 진공 밀폐 단순 덮개 연결성 스마트 앱연동 블루투스 없음 대상 강아지 고양이 대개 한종류 표준 구성 1구 1~2구 판매처 골든카프몰 정품 다양한 유통 전문가 관점 평가 장점 첫째는 묘향가의 진공 보관 기술 덕분에 사료 산패를 늦추어 냄새와 벌레 문제를 줄여주네요 .
1255,auto_feed,6.0,True,항목 묘향가 진공 자동급식기 일반 경쟁 모델 밀봉 방식 진공 밀폐 단순 덮개 연결성 스마트 앱연동 블루투스 없음 대상 강아지 고양이 대개 한종류 표준 구성 1구 1~2구 판매처 골든카프몰 정품 다양한 유통 전문가 관점 평가 장점 첫째는 묘향가의 진공 보관 기술 덕분에 사료 산패를 늦추어 냄새와 벌레 문제를 줄여주네요 .
1280,vacuum,6.0,True,진공 상태로 보관하면 기름 냄새가 덜 나고 습기나 벌레 걱정도 줄어드니 사료를 따로 밀봉해서 보관하는 번거로움이 없어졌어요 .
2496,storage,6.0,True,"게다가 벌레나 곰팡이도 이때 생기기 쉬워서, 개봉한 뒤 어떻게 두느냐가 더 중요해진답니다."
387,storage,6.0,True,"겨울철엔 실내 온도차 때문에 사료가 습기를 먹기 쉬워 곰팡이, 냄새변질 눅눅함이 자주 발생하곤 한답니다."
1463,storage,6.0,True,이 과정을 거치니까 사료가 눅눅해지거나 이상한 냄새가 나는 일 없이 초코가 항상 맛있게 사료를 먹는 모습에 저까지 흐뭇했답니다
1255,vacuum,6.0,True,항목 묘향가 진공 자동급식기 일반 경쟁 모델 밀봉 방식 진공 밀폐 단순 덮개 연결성 스마트 앱연동 블루투스 없음 대상 강아지 고양이 대개 한종류 표준 구성 1구 1~2구 판매처 골든카프몰 정품 다양한 유통 전문가 관점 평가 장점 첫째는 묘향가의 진공 보관 기술 덕분에 사료 산패를 늦추어 냄새와 벌레 문제를 줄여주네요 .
1236,storage,6.0,True,"비슷한 고민 있으시면 먹이 보관 때문에 냄새와 벌레, 습기 걱정으로 스트레스 받고 계시다면 바잇미 같은 밀폐형 보관통을 우선 고려해 보시길 권해드립니다."
54,storage,6.0,True,출처 unsplash 강아지 사료에서의 발생 사례 HACCP에서는 권연벌레를 포함해 저장식품 해충의 발생 원인을 보관 환경 불량으로 인한 오염 확산 위험으로 보고 있어요.
2162,storage,6.0,True,"산패는 기름이 상하는 거라 주로 냄새 로 나타나고, 곰팡이는 습기 때문에 생겨 하얗거나 푸른 반점 으로 눈에 보여요."
1615,storage,6.0,True,강아지사료벌레 강아지사료바구미 화랑곡나방애벌레 사료벌레 사료바구미 강아지사료보관 사료보관통 여름철사료보관 강아지사료유통기한 강아지사료관리 사료밀폐용기 강아지벌레먹었을때 사료 쌀벌레 강아지소화불량 강아지위생 반려견건강정보 초보견주필독 댕댕이정보 강아지키우기 슬기로운반려생활 건강한강아지 강아지생활백과 대용량사료보관 사료밀봉 강아지보양식
1615,vacuum,6.0,True,강아지사료벌레 강아지사료바구미 화랑곡나방애벌레 사료벌레 사료바구미 강아지사료보관 사료보관통 여름철사료보관 강아지사료유통기한 강아지사료관리 사료밀폐용기 강아지벌레먹었을때 사료 쌀벌레 강아지소화불량 강아지위생 반려견건강정보 초보견주필독 댕댕이정보 강아지키우기 슬기로운반려생활 건강한강아지 강아지생활백과 대용량사료보관 사료밀봉 강아지보양식
1872,storage,6.0,True,사료에 곰팡이가 피었거나 벌레가 생긴 게 확인되었다면 눈에 보이는 부분만 덜어내고 먹이는 것은 매우 위험합니다.
2812,storage,6.0,True,곰팡이나 벌레가 보여요
2234,storage,6.0,True,"곰팡이나 벌레, 이물질이 발견됐다면 당연히 급여를 중단해야 합니다."
149,storage,6.0,True,또한 습도가 높으면 곰팡이가 자라거나 벌레가 생길 위험이 큽니다.
1120,storage,5.0,True,산패되었거나 곰팡이가 생겼을 가능성이 큽니다.
1828,storage,5.0,True,눅눅해진 사료와 곰팡이독소의 위험성 밀봉하지 않고 방치한 사료들은 공기 중의 수분을 흡수해버려요.
1828,vacuum,5.0,True,눅눅해진 사료와 곰팡이독소의 위험성 밀봉하지 않고 방치한 사료들은 공기 중의 수분을 흡수해버려요.
1364,storage,5.0,True,"대용량 사료를 개봉한 후 무심코 방치하면 공기와 빛에 노출되어 영양소가 파괴되고, 심지어 산패나 곰팡이로 인해 우리 아이의 건강을 해칠 수도 있습니다."
1364,nutrition,5.0,True,"대용량 사료를 개봉한 후 무심코 방치하면 공기와 빛에 노출되어 영양소가 파괴되고, 심지어 산패나 곰팡이로 인해 우리 아이의 건강을 해칠 수도 있습니다."
1782,storage,5.0,True,작은 관심과 노력이 여름철 눅눅함과 곰팡이로부터 우리 아이를 안전하게 지켜줄 거예요.
2061,storage,5.0,True,"사료를 그대로 봉지째 보관하면 공기가 계속 들어가 산패되기 쉽고, 벌레나 습기가 침투할 위험도 있어요."
1837,storage,5.0,True,"습기는 곰팡이 번식의 원인이 되고, 눅눅해진 사료는 기호성도 크게 떨어뜨려요."
2230,storage,5.0,True,날씨가 꿉꿉해지니까 사료 기름 냄새도 심해지고 벌레라도 꼬일까 봐 매번 걱정스럽기도 하더라구요.
1364,storage,5.0,True,"산패 방지 지방산 산패는 소화 불량, 피부 문제, 심지어 염증성 질환을 유발할 수도 있습니다."
1236,storage,5.0,True,"집에 손님이 오실 때마다 부엌에서 미묘한 보관 냄새가 나는 건 아닌지 신경 쓰이고, 아침에 일어나면 먹이 주변에 작은 벌레들이 보이는 걸 발견할 때마다 불쾌감과 번거로움이 동시에 몰려왔습니다."
1504,nutrition,5.0,True,식사 도중 밥그릇에 촉촉한 화식을 덜어주면 아이가 부드러운 고기 알갱이를 부담 없이 삼키며 매일 소화 불량 없이 속을 편안하게 유지하는 소화 보강 테크 많은 실속파 마니아분들이 서재 수납장의 메인 가전 비치 칸에 이 실속 특선 패키지 상자를 재워두는 이유는 매번 번거롭게 육류 조리와 야채 배합 비율을 맞추느라 가사 동선이 번잡해지거나 지출을 낭비해 급여 흐
1828,storage,5.0,True,강아지사료보관법 눅눅해진사료 사료곰팡이확인 반려견사료관리 강아지건강 올바른사료보관
317,nutrition,5.0,True,먹고 남길만큼 주고 자율급식을 기본으로 해서 식이에 대한 결핍을 없애면 개는 사람처럼 식이중추가 망가니는 경우가 중성화 부작용 말고는 드믈게 발견되니 얼마든지 풍요롭게 해주는게 올바른 급여 방법이다..
1673,storage,5.0,True,강아지사료보관 강아지사료관리 강아지사료곰팡이 여름철강아지사료 강아지식중독 사료보관방법 지퍼백소분 진공사료통 사료기호성 강아지입맛없을때 강아지사료추천 여름철강아지관리 데냥 반려견정보 강아지상식 강아지키우기 강아지위생관리 강아지식기세척 강아지눅눅한사료 강아지여름식단 슬기로운반려생활 견주소통 반려생활꿀팁 강아지영양 강아지사료통
1602,storage,5.0,True,"개봉 후 시간이 지나면 눅눅해지거나, 혹은 공기와 습기에 노출되어 맛과 향이 변해버리는 사료는 우리 아이들의 입맛을 떨어뜨릴 뿐만 아니라, 소화 불량과 같은 건강 문제까지 일으킬 수 있기에 언제나 최상의 상태로 급여하고 싶은 것이 모든 보호자님들의 바람일 것입니다."
1673,vacuum,5.0,True,강아지사료보관 강아지사료관리 강아지사료곰팡이 여름철강아지사료 강아지식중독 사료보관방법 지퍼백소분 진공사료통 사료기호성 강아지입맛없을때 강아지사료추천 여름철강아지관리 데냥 반려견정보 강아지상식 강아지키우기 강아지위생관리 강아지식기세척 강아지눅눅한사료 강아지여름식단 슬기로운반려생활 견주소통 반려생활꿀팁 강아지영양 강아지사료통
1120,storage,5.0,True,개봉 후 시간이 지날수록 사료가 눅눅해지고 산패되어 영양소가 파괴될까 걱정되시나요?
1236,storage,5.0,True,"비교 항목 결과 사용 전 지퍼백 기존 통 냄새 유출, 벌레 발생, 번거로운 보관 사용 후 바잇미 밀폐형 보관통 밀폐 유지, 냄새 차단, 깔끔한 화이트 디자인과 쉬운 개폐 바잇미는 단순히 먹이를 담는 용기가 아니라 보관 편의성과 위생을 함께 해결해 주었고, 보관통으로서의 기본 기능뿐 아니라 스푼 수납과 공간 활용 측면에서도 만족스러워 강아지, 고양이 모두의 "
2050,storage,5.0,True,강아지 고양이 사료에서 벌레가 발견되는 이유 선생님 치와와 11살인데 너무 안먹는데 abc케어 라는 사료만 먹어요ㅜㅜ
1120,nutrition,5.0,True,개봉 후 시간이 지날수록 사료가 눅눅해지고 산패되어 영양소가 파괴될까 걱정되시나요?
2177,storage,5.0,True,사료 보관 때문에 고민하다가 저는 강아지 밥 이 항상 습기 차서 냄새도 나고 곰팡이 생길까 봐 걱정이 많았거든요.
1236,vacuum,5.0,True,"비교 항목 결과 사용 전 지퍼백 기존 통 냄새 유출, 벌레 발생, 번거로운 보관 사용 후 바잇미 밀폐형 보관통 밀폐 유지, 냄새 차단, 깔끔한 화이트 디자인과 쉬운 개폐 바잇미는 단순히 먹이를 담는 용기가 아니라 보관 편의성과 위생을 함께 해결해 주었고, 보관통으로서의 기본 기능뿐 아니라 스푼 수납과 공간 활용 측면에서도 만족스러워 강아지, 고양이 모두의 "
149,storage,5.0,True,이들 용기는 공기를 차단해 산패와 벌레 침입을 막아줍니다.
2496,auto_feed,5.0,True,밥그릇과 자동급식기의 토출구도 여름엔 더 자주 닦아 주면 산패와 벌레를 함께 막을 수 있어요.
2275,storage,5.0,True,"이럴 땐 병원에 문의해요 벌레가 있던 사료를 먹은 뒤 구토나 설사가 반복되거나, 눈에 띄게 기운이 없다면 집에서 지켜보기보다 수의사 선생님께 문의하는 편이 안전해요."
387,storage,5.0,True,"난방을 틀면 공기는 건조해지는데, 사료통 내부는 오히려 눅눅해져 곰팡이가 간혹 생기기도 하구요."
1816,storage,5.0,True,이중 밀폐 구조 덕분에 냄새 걱정 없고 습기와 벌레도 차단돼서 더 오래 신선하게 유지돼요.
1782,storage,5.0,True,"하절기 강아지 사료 보관법, 눅눅함과 곰팡이 방지하기 무더운 여름, 우리 아이들 식탁은 안녕하신가요?"
394,auto_feed,5.0,True,단 성견과 달리 아직 위장이 완전히 성숙하지 않아 한 번에 많은 양을 먹으면 소화불량이나 설사가 생길 수 있어 하루 급여량을 3회에서 2회로 점차 줄여가는 과정이 필요합니다.
1524,storage,5.0,True,이렇게 산소와 습기가 차단되니 언제나 처음 그대로 바삭바삭 신선한 사료를 먹일 수 있어요 사료 구입 후 처음에만 잘 먹다가 시간이 지날수록 잘 안먹는 강아지라면 사료의 식감이 눅눅해졌거나 산패되어 맛없어졌기 때문일 수 있어요
2249,storage,5.0,True,"1. 개봉 후 사료가 부패하기 쉬운 이유 건식 사료는 지방 성분을 포함하고 있어 공기, 빛, 열기, 습기에 노출되면 금방 산패됩니다. 습도 높은 습도는 곰팡이 포자가 번식하기 최적의 환경을 만듭니다."
478,storage,5.0,True,02 습기 차단 여름철이나 장마철에 생길 수 있는 습기를 차단하여 눅눅해짐과 곰팡이의 위험을 낮춰준다고 합니다~!
2151,storage,5.0,True,"특히 지방 함량이 높은 사료는 시간이 지나면서 산패가 진행될 수 있으며, 습기가 많은 환경에서는 곰팡이나 세균 번식 위험도 높아집니다."
2249,storage,5.0,True,강아지사료보관 여름철사료보관 강아지사료곰팡이 사료산패방지 강아지사료부패 사료소분 사료보관법 진공사료통 강아지영양 노견건강관리 반려견건강상식 반려동물블로그 사료냉장보관
2249,vacuum,5.0,True,강아지사료보관 여름철사료보관 강아지사료곰팡이 사료산패방지 강아지사료부패 사료소분 사료보관법 진공사료통 강아지영양 노견건강관리 반려견건강상식 반려동물블로그 사료냉장보관
2249,nutrition,5.0,True,강아지사료보관 여름철사료보관 강아지사료곰팡이 사료산패방지 강아지사료부패 사료소분 사료보관법 진공사료통 강아지영양 노견건강관리 반려견건강상식 반려동물블로그 사료냉장보관
462,storage,5.0,True,"강아지 사료 보관법, 산패 곰팡이 예방하기 안녕하세요"
478,storage,5.0,True,"그냥 봉지째 클립으로 놔두게 되면 벌레나 습기, 산패 등이 나타날 수 있기에 주의해야 한다고 합니다"
462,storage,5.0,True,"산패된 사료의 특징 눅눅하거나 기름기가 돌고, 비린 냄새가 남"
1373,storage,5.0,True,또한 높은 습도는 사료를 눅눅하게 만들어 곰팡이가 피기 좋은 환경을 제공합니다.
1437,storage,5.0,True,"눅눅해진 사료는 곰팡이나 세균 번식의 위험도 있어, 더욱 세심한 관리가 필요하답니다."
815,nutrition,5.0,True,어린 강아지 퍼피 노령견 위장이 예민한 강아지 배변 훈련이 아직 완벽하지 않은 경우 특정 질환으로 식단 관리가 필요한 경우 특히 어린 강아지는 소화 기능이 아직 완전히 자리 잡지 않아 식사 시간이 들쭉날쭉하면 설사나 소화 불량으로 이어질 수 있습니다.
2162,storage,5.0,True,산패와 곰팡이는 다른 신호예요
272,storage,5.0,True,"아무리 좋은 제품이라도 보관 상태가 좋지 않으면 산패나 곰팡이, 세균이 생겨 소화 장애나 피부 트러블로 이어질 수 있습니다."
1615,storage,5.0,True,"하지만 민감한 아이들은 벌레의 배설물이나 알 때문에 심한 알레르기 피부 반응을 일으키거나 급성 구토, 설사 같은 소화기 질환 을 앓을 수 있어요."
1615,storage,5.0,True,사료통 뚜껑 안쪽이나 사료 사이에 식품용 제습제 실리카겔 를 몇 개 넣어두시면 사료가 눅눅해지는 것도 막고 벌레 예방에도 큰 도움이 됩니다.
2209,storage,5.0,True,밀폐가 잘 되어 그런지 냄새도 덜 나고 벌레 걱정도 없더라고요 .
2496,storage,5.0,True,"강아지 사료 여름철 보관법, 산패 벌레 막는 3원칙 장마와 무더위가 겹치는 여름엔, 사람 먹거리만 상하는 게 아니라 아이 사료도 은근히 빨리 상해요."
1883,storage,5.0,True,높은 온습도 때문에 사료가 금방 눅눅해지거나 눈에 보이지 않는 곰팡이 균이 피어 쉽게 변질될 수 있기 때문인데요.
1628,storage,5.0,True,"사료는 단백질과 지방 함량이 높아 습기에 매우 취약하며, 자칫 잘못 보관하면 곰팡이가 생기거나 산패 기름이 상함 되어"
1628,nutrition,5.0,True,"사료는 단백질과 지방 함량이 높아 습기에 매우 취약하며, 자칫 잘못 보관하면 곰팡이가 생기거나 산패 기름이 상함 되어"
2067,storage,5.0,True,강아지 사료가 산패되었을 때 발생하는 가장 큰 문제는 눈에 보이지 않는 아플라톡신 곰팡이 독소 의 번식 과 과산화지질의 형성 입니다.
2213,storage,5.0,True,습도가 높거나 온도가 오르는 계절에는 지방 산패나 곰팡이 발생 위험이 커지기도 합니다.
1236,storage,5.0,True,"사용 후 달라진 점 바잇미를 사용한 뒤 가장 먼저 느낀 변화는 먹이 냄새가 집 안으로 퍼지지 않으면서도 먹이의 신선도가 오래 유지된다 는 점이었고, 밀폐형 설계 덕분에 벌레 걱정과 습기 걱정이 확 줄었습니다."
1828,storage,5.0,True,눅눅해진 강아지 사료 보관법과 곰팡이 오염 확인하는 방법 여름철 고온다습한 날씨가 되면 강아지 사료가 쉽게 변하게 되죠.
1180,storage,5.0,True,"적정 보관 온도 15 C ~ 30 C 개봉하지 않은 건식 사료는 26 C 이하 높은 온도는 사료의 산패를 촉진 급격한 온도 변화는 수분 응결의 원인 적정 보관 습도 50% ~ 70% 높은 습도는 세균과 곰팡이 번식의 주범 아플라톡신 생성 곰팡이는 고온다습에 최적화 직사광선을 피한 서늘하고 건조한 곳 여름철, 아플라톡신 곰팡이 독소와의 전쟁!"
2496,storage,5.0,True,포플 강아지사료보관 사료여름보관 사료산패 강아지사료벌레 사료밀폐보관 반려견사료 사료소분 강아지사료관리 사료냉장보관
1652,storage,5.0,True,"공기, 열, 습기를 줄이고, 냄새와 질감 변화를 자주 확인하면 사료 산패와 눅눅함을 꽤 줄일 수 있더라고요."
2496,storage,5.0,True,밥그릇과 자동급식기의 토출구도 여름엔 더 자주 닦아 주면 산패와 벌레를 함께 막을 수 있어요.
1782,storage,5.0,True,강아지사료보관 여름철강아지 사료곰팡이 사료눅눅함 강아지건강 대용량사료 사료소분 밀폐용기 제습제 펫노아
2275,storage,5.0,True,특히 여름철 눅눅한 환경은 벌레가 좋아하는 조건이에요.
272,storage,5.0,True,"이 중 지방은 공기 중 산소와 닿으면 산패하기 쉽고, 수분이 많은 환경에서는 곰팡이나 세균이 번식하기도 합니다."
2496,storage,5.0,True,여기에 폐기 신호 쩐내 눅눅함 벌레 만 기억해 두면 큰 실수는 막을 수 있어요.
1673,nutrition,5.0,True,강아지사료보관 강아지사료관리 강아지사료곰팡이 여름철강아지사료 강아지식중독 사료보관방법 지퍼백소분 진공사료통 사료기호성 강아지입맛없을때 강아지사료추천 여름철강아지관리 데냥 반려견정보 강아지상식 강아지키우기 강아지위생관리 강아지식기세척 강아지눅눅한사료 강아지여름식단 슬기로운반려생활 견주소통 반려생활꿀팁 강아지영양 강아지사료통
3172,storage,5.0,True,추천 대상 딱딱한 건식 사료를 씹기 힘든 노령견 입맛이 떨어져 특식이 필요한 반려견 평소 음수량이 부족해 걱정인 보호자 국내산 성분을 중요하게 생각하는 분 총평 매일 사료를 거부하는 아이를 보며 속상했던 마음이 이제는 조금 놓여요.
3172,water,5.0,True,추천 대상 딱딱한 건식 사료를 씹기 힘든 노령견 입맛이 떨어져 특식이 필요한 반려견 평소 음수량이 부족해 걱정인 보호자 국내산 성분을 중요하게 생각하는 분 총평 매일 사료를 거부하는 아이를 보며 속상했던 마음이 이제는 조금 놓여요.
3176,storage,5.0,True,확인할 것은 최근 사료를 바꿨는지 새 봉지를 개봉한 뒤부터 안 먹는지 유통기한이 지나지 않았는지 습기나 이상한 냄새가 나지 않는지 보관 과정에서 변질될 가능성이 없는지 입니다.
3374,water,5.0,True,트러스티푸드 동결건조 비프 패티 추천 대상 입맛이 까다로워 사료를 자주 거부하는 반려견 평소 음수량이 부족해 건강 관리가 걱정되는 반려견 생식이나 화식을 시도하고 싶지만 번거로움이 고민인 견주 트러스티푸드 동결건조 비프 패티 총평 매일 밥 안 먹는 아이를 보며 스트레스받던 시간들이 이 제품을 만나고 나서는 즐거운 식사 시간으로 바뀌게 되었어요.
3548,nutrition,5.0,True,"구분 식이 알레르기 환경성 피부 아토피 주요 원인 단백질 소화 물질 소고기, 닭고기, 연어 등 집먼지진드기, 꽃가루, 곰팡이 포자 발생 시기 연중 지속적이며 사료 변경 후 반응 나타남 특정 계절이나 실내 환경 변화 시 악화 주요 증상 피부 가려움, 귓병, 묽은 변 또는 설사 눈가, 입가, 발가락 사이, 사타구니 가려움 관리 방법 제한 단백질 사료 및 가수분"
3823,nutrition,5.0,True,"급 만성 설사와 위염, 소화불량 흡수장애, 염증성장질환인 IBD 등으로 영양 관리가 필요한 경우에 사용돼요."
3977,storage,5.0,True,주문 전 알아두어야 할 보관 및 환불 규정 동결건조 간식은 수분이 제거된 상태이므로 개봉 후 습기에 노출되면 눅눅해지거나 변질될 위험이 있습니다.
2657,storage,4.0,True,며칠전부터 여기저기 바닥에서 저런 검정색 벌레들이 기어다녀요 ㅜㅜ
2275,storage,4.0,True,밀폐용기 하나만 잘 골라도 벌레 걱정이 확 줄어요.
1401,storage,4.0,True,사실은 진짜 쟤 입에서 벌레가 나온건지도 모르겠어요
2311,storage,4.0,True,"다만, 신선도를 유지하기 위해 보관 환경 에 유의해야 하며, 오래 열어둔 상태에서는 곰팡이나 냄새 발생 우려가 있으니 밀봉과 냉장 보관을 권장합니다."
584,storage,4.0,True,그동안 짜먹는 오메가3 또는 뿌려 먹는 것도 챙겨줘본 적이 있는데 아무래도 그릇에 오래 노출되면 산패 위험도 있고 먹고 나면 비린내가 나고 그 상태로 다가오면 ...
2230,storage,4.0,True,묘향가 진공 자동급식기 펫캠 1구 강아지 고양이 사료 신선 보관 추천 퇴근하고 집에 돌아오면 항상 사료가 눅눅해져 아이들이 안 먹고 그대로 남기는 게 참 스트레스였음ㅋㅋ
1401,storage,4.0,True,완벽한 벌레 형태를 갖춘 애는 쟤가 마시고 나온건지 뭔지 못봐서 ㅜㅜ 실제로 보면 빨간색이에요
1279,storage,4.0,True,결국 강아지 간식이나 고양이 사료가 남으면 보관통에서 냄새가 나거나 눅눅해져서 스트레스가 커졌어요.
1247,storage,4.0,True,근데 혹시 우리 강아지가 벌레 단백질 맡으면 싫어할까 걱정했는데 전혀 아니었어요.
2230,auto_feed,4.0,True,묘향가 진공 자동급식기 펫캠 1구 강아지 고양이 사료 신선 보관 추천 퇴근하고 집에 돌아오면 항상 사료가 눅눅해져 아이들이 안 먹고 그대로 남기는 게 참 스트레스였음ㅋㅋ
2161,nutrition,4.0,True,"목차 1.7세부터 모두 노견일까 2.노견이 밥을 안 먹는 이유 3.단순 입맛과 이상 신호 구분 4.식사와 기력 관리 방법 5.노견 영양제 조합 기준 6.관절 관리와 영양제 선택 7.자주 묻는 질문 8.마무리 평소 잘 먹던 강아지가 갑자기 사료 냄새만 맡고 돌아서면 나이 때문에 입맛이 없어진 건지, 몸이 불편한 건지 걱정되죠."
1213,storage,4.0,True,집에서 나오는 벌레 이름좀 알려주세요 ㅜㅜ
1213,storage,4.0,True,집에서 나오는 벌레인데 도대체 이름을 모르겠습니다
1540,storage,4.0,True,"사료 포대를 한 번 개봉하는 순간부터 산소와 결합하여 산패가 시작되고, 공기 중의 수분을 머금어 진드기가 살기 좋은 눅눅한 상태가 된답니다."
2276,vacuum,4.0,True,비교해 본 기존 제품과 차이점 사실 처음에는 플라스틱 컵 같은 간단한 사료통으로 만족하려고 했는데 막상 사용해보면 밀봉이 약해서 습기랑 벌레가 걱정되더라고요.
54,storage,4.0,True,사료통은 정기적으로 세척해 냄새나 곰팡이가 생기지 않도록 하고 유통기한과 개봉일을 함께 표시해 두는 것이 좋아요.
627,water,4.0,True,"2. 웰찹 산책트리오 3 in 1 휴대용 강아지 산책 물통 간책통 배변봉투 올인원 물병 400ml, 1개, 스카이블루 16,960원 별점 3. 딩동펫 반려동물 컬러풀 스탠드 높이조절 급수기 13,200원 별점 3. 딩동펫 반려동물 컬러풀 스탠드 높이조절 급수기 이 제품이 해결하는 가장 큰 문제는 바로 물 관리의 번거로움과 불안함 물이 자주 부족하거나 오염되"
584,storage,4.0,True,rTG 고순도 오메가3 휴먼 그레이드 원료로 생체 이용률이 높은 고순도 오메가3를 사용하고 사람이 섭취해도 되는 휴먼 그레이드 등급이기 때문에 신뢰감을 갖고 급여할 수 있는데요 여기서 특허받은 탈취 공정으로 비린내를 한 번 더 줄이고 PTP 개별 포장이기 때문에 산패 위험을 2차로 더 차단을 해주기에 마지막 한 번까지도 신선하게 급여할 수 있답니다
2259,storage,4.0,True,"싶다가도 혹시 독이 있는 벌레는 아닐까, 병균이 있는 건 아닐까 걱정되기도 하죠."
1401,storage,4.0,True,강아지 입에서 빨간 작은 벌레 저희집 강아지는 치와와고요 입냄새가 유독 많이 나는 편이에요
2230,vacuum,4.0,True,묘향가 진공 자동급식기 펫캠 1구 강아지 고양이 사료 신선 보관 추천 퇴근하고 집에 돌아오면 항상 사료가 눅눅해져 아이들이 안 먹고 그대로 남기는 게 참 스트레스였음ㅋㅋ
2311,vacuum,4.0,True,"다만, 신선도를 유지하기 위해 보관 환경 에 유의해야 하며, 오래 열어둔 상태에서는 곰팡이나 냄새 발생 우려가 있으니 밀봉과 냉장 보관을 권장합니다."
997,storage,4.0,True,"사료의 성분 중 지방이 공기와 만나면 산패가 시작되는데, 이 산패된 사료는 비린내 풍미로 기호성이 떨어지고 아이들 세포 손상과 건강과 직결되니 신선한 강아지 사료 매우 중요하죠."
2276,storage,4.0,True,제 생각엔 밀봉력 때문에 벌레나 냄새도 덜 나는 것 같아요.
2149,storage,4.0,True,사료 냄새를 따라 작은 벌레가 생기는 경우가 있습니다.
264,storage,4.0,True,집에서 관리하는 것만으로는 강아지 벌레 증식을 막기 어렵기 때문에 전문적인 치료가 필요해요.
494,nutrition,4.0,True,사람들 고지혈 약먹으면 당뇨 췌장망가지는것처럼 요 암튼 울댕이는 영양 균형 이 몬지 부족해 그렇게 병아닌 병 증세가 와 쿠싱으로 혹은 비숫한 갑산성 기능 이상으로 잘못 판단해 스테로이드를 써서 빨리 떠나보낼번 했어요
2594,storage,4.0,True,"강아지가 산패된 사료를 먹으면 구토나 설사, 식욕 부진 같은 소화 장애로 이어질 수 있어요."
1753,water,4.0,True,강아지 역시 음수량이 부족하면 방광에 결석이 생기거나 신장이 망가지기 쉽고요.
264,storage,4.0,True,스트레스나 피로가 쌓이면 강아지 벌레 모낭충들이 다시 활성화될 수 있으니 충분히 휴식하도록 도와주세요.
1463,storage,4.0,True,게다가 진공보관 덕분에 사료 내부에 습기가 안 차서 곰팡이 걱정도 덜었어요
1463,vacuum,4.0,True,게다가 진공보관 덕분에 사료 내부에 습기가 안 차서 곰팡이 걱정도 덜었어요
1835,auto_feed,4.0,True,"강아지가 혼자 남겨질 때 느끼는 불안감의 진짜 근본 원인 을 심리학적으로 분석해 보고, 외출 전 후 보호자가 무심코 저지르는 최악의 행동 과 당장 오늘부터 실천할 수 있는 최고의 대처법 해결책 을 A부터 Z까지 꼼꼼하게 정리해 드릴게요."
1464,water,4.0,True,썩어가는 사과를 찍어 놓은 흑백사진 세장과 물때가 낀 도자기를 아주 멀리서 괴상한 각도로 보고있는 것 같은 느낌이 드는 정물화 한개.
1247,nutrition,4.0,True,근데 혹시 우리 강아지가 벌레 단백질 맡으면 싫어할까 걱정했는데 전혀 아니었어요.
2276,vacuum,4.0,True,제 생각엔 밀봉력 때문에 벌레나 냄새도 덜 나는 것 같아요.
2151,storage,4.0,True,공기 유입 감소 습기 차단 사료 신선도 유지 냄새 확산 감소 벌레 유입 예방 보관 편의성 향상 물론 완전한 진공 상태를 만드는 것은 아니므로 서늘하고 직사광선을 피한 장소에 함께 보관하는 것이 중요합니다.
2151,vacuum,4.0,True,공기 유입 감소 습기 차단 사료 신선도 유지 냄새 확산 감소 벌레 유입 예방 보관 편의성 향상 물론 완전한 진공 상태를 만드는 것은 아니므로 서늘하고 직사광선을 피한 장소에 함께 보관하는 것이 중요합니다.
721,storage,4.0,True,"또한 사 온 사료나 곡물에 혹시 모를 벌레가 걱정된다면, 보관 전에 냉동실에 2~3일 정도 넣어 두어 혹시 있을지 모를 알이나 유충을 사멸시키는 것도 좋은 방법입니다."
1357,storage,4.0,True,저도 이 제품을 사용해보니 매번 대량 구매 후 사료가 상하거나 곰팡이가 피는 걱정을 덜게 되었어요
1357,storage,4.0,True,"10매씩 소분해서 사용하니까 조그만 봉투 하나하나가 신선함을 지키는 작은 비밀이 되었습니다 2. 실리카겔 1 5 gram 50개 습기제거제 방습제 음식습기제거 견과류 건어물실리카겔 음식습기방지 탈취제 신발장냄새제거 곰팡이방지 뽀송뽀송 쿠키 케익 빵 4,980원 별점 3. 딩동펫 투명 계량컵 밀폐 사료통 6,500원 별점 3. 딩동펫 투명 계량컵 밀폐 사료통"
1357,storage,4.0,True,문제 해결의 시작 사료를 오랫동안 보관하다 보면 습기와 산소로 인해 쉽게 곰팡이와 냄새가 생기기 일쑤였죠
1229,storage,4.0,True,"우리 강아지 밥 줄 때마다 사료 봉투를 직접 열어서 스쿱으로 퍼담고, 다시 봉투를 접어서 집게로 막고 기존 사료통 근데 봉투 입구가 제대로 안 닫혀서 눅눅해지거나 냄새가 새는 게 너무 걱정됐거든요."
1279,storage,4.0,True,"항목 사용 전 사용 후 사료 상태 눅눅함, 냄새 발생 건조하고 신선함 관리 편의성 봉지 분리 및 보관 번거로움 한 번에 담아 보관 가능 용량 여러 봉지로 분산 2.5L 통으로 적정 보관 제가 사용하면서 가장 만족한 점은 사료통이 강아지 사료와 고양이 사료 둘 다 무리 없이 쓸 수 있다는 점이었어요."
1373,storage,4.0,True,"강아지 사료 보관법, 여름철 눅눅함과 산패 를 막는 밀폐 용기 활용..."
1373,storage,4.0,True,"강아지 사료 보관법, 여름철 눅눅함과 산패를 막는 밀폐 용기 활용법 푹푹 찌는 여름이 다가오면서 습도도 함께 높아지고 있어요."
1373,storage,4.0,True,자칫 잘못하면 사료가 눅눅해지거나 유해한 성분으로 변질되는 산패가 일어날 수 있기 때문이에요.
1837,storage,4.0,True,"강아지 사료 보관법, 눅눅함과 영양소 산패 를 막는 밀폐 용기 및 제..."
1883,nutrition,4.0,True,순도 80% rTG형 구조로 소화 부담이 적은 맑은 영양 공급 특히 위장이 기능이 약해진 상태에서 기름진 영양제를 잘못 급여하면 소화 불량을 일으키거나 되려 췌장에 큰 부담을 줄 수 있습니다.
1837,nutrition,4.0,True,"강아지 사료 보관법, 눅눅함과 영양소 산패 를 막는 밀폐 용기 및 제..."
770,storage,4.0,True,"그동안 다이어트 사료도 써보고, 간식도 줄여봤는데 스트레스를 너무 많이 받아서 보호자인 저도 너무 속상했어요ㅠ"
584,storage,4.0,True,프롬더셀 강아지 오메가3 추천 산패 걱정없이 매일 건강관리 프롬더셀 강아지 오메가3 추천 산패 걱정없이 매일 건강관리 반려견을 키우다 보면 사료만으로 부족한 영양이 생기기 마련이에요
584,nutrition,4.0,True,프롬더셀 강아지 오메가3 추천 산패 걱정없이 매일 건강관리 프롬더셀 강아지 오메가3 추천 산패 걱정없이 매일 건강관리 반려견을 키우다 보면 사료만으로 부족한 영양이 생기기 마련이에요
2276,storage,4.0,True,비교해 본 기존 제품과 차이점 사실 처음에는 플라스틱 컵 같은 간단한 사료통으로 만족하려고 했는데 막상 사용해보면 밀봉이 약해서 습기랑 벌레가 걱정되더라고요.
2061,storage,4.0,True,"버튼 하나만 누르면 공기를 효과적으로 제거해 주어, 사료의 산패를 늦추고 눅눅해지는 것을 방지해 줍니다."
2379,storage,4.0,True,근데 어느 순간 배에서 소리도 이상하게 계속 나고 밥도 잘 안먹고 ㅠ 구석에 웅크려서 안나오고 이러니까 강아지 소화불량 증상 때문이라는 걸 알게 된거죠
2209,storage,4.0,True,예전에는 그냥 봉지 채로 뒀다가 습기 차거나 벌레가 걱정돼서 고민이 많았거든요.
1615,storage,4.0,True,비싸게 주고 산 사료인데 벌레가 몇 마리 보인다고 통째로 버리려니 너무 아깝고 속상하시죠?
2252,nutrition,4.0,True,안 먹으면 100% 환불영양제!
1615,storage,4.0,True,고온다습한 여름철에는 보관 방법만 쏙 바꾸어도 벌레 걱정을 100% 날려버릴 수 있어요!
2162,storage,4.0,True,"저온이 산패를 늦추는 데 도움은 되지만, 냉장고를 여닫을 때 생기는 습기가 오히려 눅눅함을 부를 수 있어요."
1883,storage,4.0,True,brand.naver.com 사료를 열 때 이상한 냄새나 질감의 변화가 없는지 꼼꼼히 체크하는 철저한 강아지사료보관 매뉴얼은 여름철 관리의 기본입니다.
2616,storage,4.0,True,진짜 밥 안 먹어서 속상했던 날들이 없어졌죠.
1700,storage,4.0,True,"냄새가 이상하지 않고, 곰팡이가 보이지 않으면 괜찮다고 생각하기 쉽습니다."
1616,storage,4.0,True,아무리 마른 건식 사료라도 그릇에 담아둔 채 하루를 넘기면 눅눅해지고 산패가 진행돼요.
2209,storage,4.0,True,습기 걱정이 확 줄고 밀봉이 잘 되니까 벌레 걱정도 안 하게 됐거든요.
2209,vacuum,4.0,True,습기 걱정이 확 줄고 밀봉이 잘 되니까 벌레 걱정도 안 하게 됐거든요.
482,vacuum,4.0,True,이 구간은 사료와 직접적으로 접촉하기 때문에 청결 상태와 사료 특성에 따라 고장이 자주 발생할 수 있어요.
2259,storage,4.0,True,특히 산책 증 강아지가 잡아먹은 벌레의 종류를 모른다면 무조건 괜찮다고 단정하기 어렵습니다.
2067,storage,4.0,True,"많은 보호자분이 조금 눅눅해진 것뿐이겠지 하고 그냥 급여하곤 하지만, 사료 내부의 동물성 지방 성분이 공기 및 높은 습도와 만나 변질되는 산패 현상은 강아지의 건강을 심각하게 위협하는 독성 물질을 만들어냅니다."
1373,storage,4.0,True,결국 사료 봉투째로 보관하는 방식은 여름철 눅눅함과 산패에 매우 취약한 방법이에요.
1235,storage,4.0,True,오늘 아침에만 6마리 잡았는데 무슨 벌레인지 알려주세요ㅠㅠ
1297,water,4.0,True,"물때가 껴서 미끌거리는건 매한가지이고, 가끔 필터에 이물질이 끼면 고장나기도 하고 하길래 지금은 일반 자기그릇와 알칼리수로 바꿔준다는 퓨어나인 사용중임."
4372,storage,4.0,True,"사료는 물론이고 뭘 해줘도 시큰둥해서, 억지로 먹이다가 오히려 스트레스 주는 것 같아 속상했죠."
2070,storage,4.0,True,그래서 보호자분들이 걱정하는 것처럼 무작정 벌레를 갈아 넣는 방식과는 전혀 다릅니다.
948,storage,4.0,True,혹시 벌레가 생기거나 사료 냄새가 이상하다면 즉시 교체해 주세요.
2444,storage,4.0,True,싶은 걱정이 있었는데 방습제가 들어가있어서 습기 조절하고 벌레 유입을 막아서 사료를 신선하게 유지하는데 도움을 준다!
2664,water,4.0,True,"청결을 위한 정기적인 세척 과정이 간단해 위생 관리 부담을 줄여주며, 물때나 냄새 걱정을 덜어줍니다."
1439,storage,4.0,True,1kg 소포장이라 개봉 후에도 눅눅해지거나 냄새가 밸 걱정 없이 언제나 신선하게 급여할 수 있거든요.
2234,storage,4.0,True,5. 사료가 상했는지 확인하는 방법 매일 급여하면서 사료의 냄새와 상태를 한 번씩 살펴보는 것도 좋습니다.
1837,nutrition,4.0,True,오늘은 강아지 사료 보관법 중에서도 눅눅함과 영양소 산패를 막는 실용적인 방법을 정리해 드릴게요.
1652,storage,4.0,True,"습기와 공기, 열, 빛이 겹치면 사료 산패가 빨라지고, 눅눅함이나 기름쩐내가 생기면서 기호성도 떨어질 수 있거든요."
2259,storage,4.0,True,가장 좋은 방법은 먹기 전에 막는 것 산책 중 벌레를 완전히 피하기는 어렵습니다.
1652,storage,4.0,True,특히 여름 장마철이나 습한 집은 산패와 눅눅함이 더 빨리 올 수 있어서 더 자주 체크해야 해요.
1966,storage,4.0,True,호두가 워낙 장이 워낙 예민해서 사료 상태가 조금만 변해도 바로 소화 불량이 오는 경우도 있는데 이렇게 사료 보관하고 나니까 상당히 자기가 먹을 수 있는 건지 싶어서 어슬렁 거리다가 왔지만 사료를 넣어둬도 냄새가 안 나서 금방 가버리심
2215,auto_feed,4.0,True,강아지 소화불량 예방법 사료는 규칙적인 시간에 급여하기 급하게 먹는 강아지는 슬로우 급식기 사용 사람 음식 급여하지 않기 사료는 천천히 교체하기 정기적인 구충과 건강검진 적절한 운동과 스트레스 관리 이물질을 삼키지 않도록 환경 관리하기
978,storage,4.0,True,강아지 연어 사료 먹고 설사하는 진짜 이유 단백질이 아니라 산패 ...
978,nutrition,4.0,True,강아지 연어 사료 먹고 설사하는 진짜 이유 단백질이 아니라 산패 ...
978,storage,4.0,True,4 이런 반응이면 단백질 의심 설사 가려움 동반 귀 염증 반복 단백질 바꿔도 연어만 문제 2주 이상 지속 이건 산패가 아니라 연어 단백질 자체 반응.
978,nutrition,4.0,True,4 이런 반응이면 단백질 의심 설사 가려움 동반 귀 염증 반복 단백질 바꿔도 연어만 문제 2주 이상 지속 이건 산패가 아니라 연어 단백질 자체 반응.
2259,storage,4.0,True,강아지는 냄새와 움직임에 굉장히 민감하기 때문에 풀숲에서 갑자기 움직이는 작은 벌레를 발견하면 본능적으로 쫓아가거나 입으로 물려고 할 수 있습니다.
2769,storage,4.0,True,이중 밀폐 구조라 습기나 벌레 걱정 없이 안심하고 사용할 수 있다는 점이 제일 좋았어요.
1837,storage,4.0,True,"강아지 사료 보관법, 눅눅함과 영양소 산패를 막는 밀폐 용기 및 제습제 활용 강아지를 키우다 보면 사료 관리에 대해 한 번쯤 진지하게 고민하게 되죠."
1034,nutrition,4.0,True,"영양소 파괴 필수 비타민 A, D, E, K 결핍 및 면역력 저하 소화기 문제 구토, 설사, 식욕 부진 및 간 신장 손상 위험 행동 변화 사료 거부, 기력 저하, 무기력함 관찰 유해 물질 생성 활성산소와 발암 물질 생성 위험 알레르기 악화 피부 염증 및 새로운 알레르기 유발 질병 초래 장기적으로 심장병, 자가면역 질환 위험 쩐내 나는 사료, 어떻게 알아볼까"
1490,auto_feed,4.0,True,"이전에 쓰던 급식기는 사료가 금방 눅눅해지고 냄새도 조금 났는데, 이건 냄새도 별로 안 나고 사료도 바삭바삭 하더라고요."
3012,storage,4.0,True,"쌀이나 사료는 습기에 매우 취약하고, 잘못 보관하면 벌레가 생기기 쉬운데, 레토 쌀통은 이러한 걱정을 덜어줍니다."
3032,storage,4.0,True,양치질을 제대로 못 해주다 보니 치아 안쪽에 갈색 치석이 점점 두껍게 쌓여가고 지독한 입냄새까지 심해져 속상했던 적 다들 한 번쯤 있으셨을 거예요.
3037,storage,4.0,True,"맛있는 사료를 줘도 냄새만 쓱 맡고 돌아서거나, 하루 종일 밥그릇을 쳐다보지도 않는 강아지 때문에 속상했던 적 있으신가요?"
3064,water,4.0,True,Previous image Next image Previous image Next image 추천 대상 매일 물그릇 청소가 귀찮으신 분 반려동물이 항상 신선한 물을 마시길 원하시는 분 플라스틱 재질의 급수기에서 냄새나 위생 문제가 걱정되시는 분 인테리어를 해치지 않는 예쁜 반려동물 용품을 찾으시는 분 조용하고 스마트한 반려동물 용품을 선호하시는 분 솔직히 
3080,auto_feed,4.0,True,"Previous image Next image 추천 대상 매일 물그릇 닦고 물 갈아주는 게 귀찮으신 분 우리 아이가 물을 잘 안 마셔서 걱정이신 분 여행이나 외출 시 강아지 물 걱정을 덜고 싶으신 분 깔끔하고 예쁜 디자인의 반려동물 용품을 찾으시는 분 무선 자동 급수기의 편리함을 경험하고 싶으신 분 처음엔 49,800원이라는 가격이 살짝 부담스럽긴 했지만,"
3080,water,4.0,True,"Previous image Next image 추천 대상 매일 물그릇 닦고 물 갈아주는 게 귀찮으신 분 우리 아이가 물을 잘 안 마셔서 걱정이신 분 여행이나 외출 시 강아지 물 걱정을 덜고 싶으신 분 깔끔하고 예쁜 디자인의 반려동물 용품을 찾으시는 분 무선 자동 급수기의 편리함을 경험하고 싶으신 분 처음엔 49,800원이라는 가격이 살짝 부담스럽긴 했지만,"
272,nutrition,4.0,True,겉으로는 멀쩡해 보여도 오래된 제품은 영양소가 파괴되고 냄새나 맛이 변해 강아지가 먹기를 꺼리거나 소화불량을 일으킬 수 있습니다.
1837,nutrition,4.0,True,"강아지 사료 보관법, 눅눅함과 영양소 산패를 막는 밀폐 용기 및 제습제 활용 강아지를 키우다 보면 사료 관리에 대해 한 번쯤 진지하게 고민하게 되죠."
3136,storage,4.0,True,"환절기에는 먼지나 날벌레가 물에 들어갈까 봐 걱정됐고, 냥이들이 혹시라도 더러운 물을 마실까 봐 얼마나 노심초사했는지 몰라요."
1490,storage,4.0,True,"이전에 쓰던 급식기는 사료가 금방 눅눅해지고 냄새도 조금 났는데, 이건 냄새도 별로 안 나고 사료도 바삭바삭 하더라고요."
1566,storage,4.0,True,"신선한 사료를 오래 보관하고 싶지만, 습기와 벌레 때문에 걱정이 많으시죠?"
352,storage,4.0,True,"구분 장점 단점 생식 BARF 열에 파괴되지 않는 온전한 영양소 섭취 비타민, 효소 , 높은 소화 흡수율, 피부 모질 개선, 치아 건강, 배변량 냄새 감소, 활력 증진 기대 영양학적 지식 필요 결핍 과잉 , 세균 감염 소화기 손상 우려, 재료 수급 보관 위생 관리의 높은 노력과 비용 화식 조리 과정에서 세균 감염 위험 감소 위생적 안전 , 소화 부담 경감 "
3218,storage,4.0,True,음수량 고민 해결 저지방 식단 쟁여템 물 안 마시는 우리 강아지 음수량 폭발하게 만드는 비결 매일 아침 사료와 씨름하며 속상했던 적 정말 많으시죠?
3218,water,4.0,True,음수량 고민 해결 저지방 식단 쟁여템 물 안 마시는 우리 강아지 음수량 폭발하게 만드는 비결 매일 아침 사료와 씨름하며 속상했던 적 정말 많으시죠?
3218,nutrition,4.0,True,음수량 고민 해결 저지방 식단 쟁여템 물 안 마시는 우리 강아지 음수량 폭발하게 만드는 비결 매일 아침 사료와 씨름하며 속상했던 적 정말 많으시죠?
3292,storage,4.0,True,벌레 이름 좀 알려주세요 ㅠㅠ
3299,auto_feed,4.0,True,자동급식기 고장 잦아 고민이라면 페페 SF 200PRO 페페 강아지 고양이 카메라 자동급식기 SF 200PRO 음성소통 스케줄 배식 페페몰 naver.me 자동급식기 고장 때문에 스트레스 받으셨던 분들 많으시죠.
482,auto_feed,4.0,True,자동 급식기가 고장 나는 가장 대표적인 이유는 사용 환경과 관리 부족이에요.
3439,storage,4.0,True,"그런데 어느 날 갑자기 냄새가 평소와 확연히 다르거나 사료의 색과 형태가 이상하고, 습기가 차거나 곰팡이처럼 보이는 변화가 있다면 그대로 급여하지 마세요."
3455,storage,4.0,True,평소와 다른 냄새가 날 때 곰팡이가 보일 때 표면이 끈적거리거나 미끈할 때 색이나 질감이 변했을 때 보관기간이 남았더라도 이상이 있다면 급여하지 않는 것이 안전해요
3455,storage,4.0,True,수제간식 보관 한눈에 보기 식히기 소분하기 밀폐하기 냉장 냉동하기 냉장은 가급적 짧게 오래 보관할 때는 냉동 만든 날짜 표시하기 필요한 양만 냉장 해동 이상한 냄새 색 질감이 있다면 폐기 수제간식은 한 번에 많이 만들기보다 먹을 만큼씩 만들어 신선하게 급여하는 것이 좋아요
352,nutrition,4.0,True,"구분 장점 단점 생식 BARF 열에 파괴되지 않는 온전한 영양소 섭취 비타민, 효소 , 높은 소화 흡수율, 피부 모질 개선, 치아 건강, 배변량 냄새 감소, 활력 증진 기대 영양학적 지식 필요 결핍 과잉 , 세균 감염 소화기 손상 우려, 재료 수급 보관 위생 관리의 높은 노력과 비용 화식 조리 과정에서 세균 감염 위험 감소 위생적 안전 , 소화 부담 경감 "
3612,water,4.0,True,게다가 예전에 쓰던 정수기는 관리 주기도 잦고 고장도 자주 나서 AS 부르는 일 자체가 번거로웠어요.
3807,storage,4.0,True,"특히 기존의 일반 급식기는 사료가 공기에 노출되어 금세 눅눅해지거나 냄새가 날아가 아이들이 잘 먹지 않고, 사료통 내부에서 눅눅함이나 눅진 세균 번식이 걱정되더라고요."
3807,auto_feed,4.0,True,"특히 기존의 일반 급식기는 사료가 공기에 노출되어 금세 눅눅해지거나 냄새가 날아가 아이들이 잘 먹지 않고, 사료통 내부에서 눅눅함이나 눅진 세균 번식이 걱정되더라고요."
3807,storage,4.0,True,"묘향가 진공 급식기는 사료 배출 후 내부 공기를 신속하게 빼내어 진공 상태를 유지해주므로, 눅눅함이나 사료 냄새 변질 걱정 없이 언제나 바삭한 사료를 제공한다는 점이 무척 마음에 들었어요."
3807,auto_feed,4.0,True,"묘향가 진공 급식기는 사료 배출 후 내부 공기를 신속하게 빼내어 진공 상태를 유지해주므로, 눅눅함이나 사료 냄새 변질 걱정 없이 언제나 바삭한 사료를 제공한다는 점이 무척 마음에 들었어요."
3807,vacuum,4.0,True,"묘향가 진공 급식기는 사료 배출 후 내부 공기를 신속하게 빼내어 진공 상태를 유지해주므로, 눅눅함이나 사료 냄새 변질 걱정 없이 언제나 바삭한 사료를 제공한다는 점이 무척 마음에 들었어요."
1837,storage,4.0,True,오늘은 강아지 사료 보관법 중에서도 눅눅함과 영양소 산패를 막는 실용적인 방법을 정리해 드릴게요.
3920,storage,4.0,True,형태 급여 판단 껍질과 씨를 뺀 생배 소량에 한해 가능 배를 으깬 과육 치아가 약한 아이에게 소량 가능 통조림 배즙 음료 당류와 첨가물 때문에 피하기 상하거나 곰팡이 핀 배 급여하지 않기 냉장고에서 꺼낸 배를 바로 많이 주기보다 실온에 잠시 둔 뒤 작은 조각으로 준비하면 속이 예민한 아이에게 부담을 줄일 수 있어요.
1236,storage,4.0,True,먹이 냄새와 벌레 문제로 고민이 많았습니다.
3978,storage,4.0,True,"호두 피칸처럼 지방이 많은 견과는 위장 불편과 췌장 문제 위험을 높일 수 있고, 오래 보관해 곰팡이가 핀 견과는 더 위험할 수 있습니다."
4062,storage,4.0,True,근데 냄새 맡을 때부터 가져갈 정도였으니 기호성은 이미 예상했음ㅋㅋ
4069,storage,4.0,True,"냄새는 맡되 안 먹는다면 사료가 눅눅해졌거나 개봉한 지 오래돼 향이 날아간 경우, 혹은 입 안이 아파서 씹기를 피하는 경우가 많아요."
4153,nutrition,4.0,True,"결론부터 말하면 방귀 냄새가 갑자기 심해지는 원인의 대부분은 사료 속 단백질 지방 비율이 바뀌었거나 장내 세균 균형이 일시적으로 깨진 탓이고, 하루 이틀 안에 대변 상태와 식욕까지 같이 나빠지면 단순 소화불량을 넘어 췌장염 같은 문제를 의심해야 한다."
4262,vacuum,4.0,True,먹지 않으면 제품 수령 후 7일이내에 100프로 환불정도로 기호성에 자신있는 제품이라고 해요.
1239,nutrition,3.0,True,"02. 사료 선택 조절 건조 사료 위주로 사용 3~5일분씩 소량 보충 하여 신선도 유지 사료 변질로 인한 곰팡이 독소 방지 03. 환경 재질 관리 서늘하고 건조한 장소에 배치 밀폐 구조 및 제습제 활용 권장 스테인리스 세라믹 식기 사용 턱드름 예방을 위한 영양 식단 가이드 01. 정기 세척 건조 밥그릇은 매일 , 사료통은 주 1회 세척 중성세제로 꼼꼼히 씻"
1239,storage,3.0,True,02. 사료 선택 조절 건조 사료 위주로 사용 3~5일분씩 소량 보충 하여 신선도 유지 사료 변질로 인한 곰팡이 독소 방지 03. 환경 재질 관리 서늘하고 건조한 장소에 배치 밀폐 구조 및 제습제 활용 권장 스테인리스 세라믹 식기 사용 턱드름 예방을 위한 영양 식단 가이드 턱 주변 청결 유지 식사 직후 침과 찌꺼기를 물티슈로 닦아주세요.
1440,storage,3.0,True,사료 영양과 성분 이야기 인섹트 치킨이라 그런지 고기 단백질 대신 벌레 단백질 이 들어가 있더라고요.
482,auto_feed,3.0,True,"강아지 자동 급식기 고장 예방 습관 고장 정보만 알고 있어도 도움이 되지만, 일상에서 실천할 수 있는 예방 습관을 익혀두면 마음이 훨씬 편안해져요."
1034,storage,3.0,True,냉장 보관 금지 습기 발생으로 곰팡이가 생길 위험이 큽니다.
2360,storage,3.0,True,이름에 인섹트가 들어갔다고 해서 벌레를 막는 생활용품으로 생각하면 곤란해요.
1239,nutrition,3.0,True,02. 사료 선택 조절 건조 사료 위주로 사용 3~5일분씩 소량 보충 하여 신선도 유지 사료 변질로 인한 곰팡이 독소 방지 03. 환경 재질 관리 서늘하고 건조한 장소에 배치 밀폐 구조 및 제습제 활용 권장 스테인리스 세라믹 식기 사용 턱드름 예방을 위한 영양 식단 가이드 턱 주변 청결 유지 식사 직후 침과 찌꺼기를 물티슈로 닦아주세요.
1440,nutrition,3.0,True,사료 영양과 성분 이야기 인섹트 치킨이라 그런지 고기 단백질 대신 벌레 단백질 이 들어가 있더라고요.
2145,storage,3.0,True,시큼하거나 퀴퀴한 기름 냄새가 나면 산패가 온 거예요.
2028,storage,3.0,True,하지만 건사료를 냉장 보관하는 것은 곰팡이독소를 유발하는 위험한 행동이 될 수 있습니다.
1440,storage,3.0,True,그리고 벌레 단백질 자체가 낯설어서 그런지 주변 강아지들이랑은 좀 다르다는 느낌도 들었어요.
2594,storage,3.0,True,"신선한 사료는 고소하거나 특유의 육향이 나지만, 산패된 사료는 산패 특유의 쓰고 퀴퀴한 냄새가 나요."
1440,nutrition,3.0,True,그리고 벌레 단백질 자체가 낯설어서 그런지 주변 강아지들이랑은 좀 다르다는 느낌도 들었어요.
1966,storage,3.0,True,사료 산패 걱정 끝 강아지 사료 리비엘라 무선 진공보관용기 버튼버...
1440,storage,3.0,True,"제품 정보 확인 브리젠 홀리스틱 어덜트 강아지사료 인섹트 치킨, 5.44kg, 1개 한고연몰 naver.me 브리젠사료 강아지사료추천 인섹트치킨 반려견건강 천연사료 벌레단백질 반려동물식품"
839,nutrition,3.0,True,"강아지 밥 잘 먹게 하기 일단 초소형강아지론 비추긴합니다만, 너무안먹다싶으면 이방법이 베스트이긴한데 작은아이들은 사료 먹어야하니 넘안먹다싶으면 3 4일째 고구마 비벼줬고 두끼이상줘야해서 한끼는 잘먹었고 세끼도 먹여봤으나 빠르게 먹으려고해서 사료 목에 걸려서 체함 병원가니 살은 쪄있고 한끼정도 많이 먹으면 두세끼는 포기하거나 적게먹어도 그러려니하고 영양제로 "
2652,storage,3.0,True,산패된 지방은 특유의 불쾌한 냄새가 나며 기호성이 떨어질 수 있습니다.
1966,vacuum,3.0,True,사료 산패 걱정 끝 강아지 사료 리비엘라 무선 진공보관용기 버튼버...
2275,storage,3.0,True,"화랑곡나방, 어떤 벌레일까요 사료나 곡물에 잘 생기는 대표적인 벌레가 화랑곡나방 쌀나방 이에요."
1440,nutrition,3.0,True,"제품 정보 확인 브리젠 홀리스틱 어덜트 강아지사료 인섹트 치킨, 5.44kg, 1개 한고연몰 naver.me 브리젠사료 강아지사료추천 인섹트치킨 반려견건강 천연사료 벌레단백질 반려동물식품"
482,auto_feed,3.0,True,"연관 되는 블로그 참조 반려동물 용품 정보 강아지 자동 급식기 고장 많이 나는 부분 TOP3와 예방법 강아지 자동 급식기 고장 많이 나는 부분 TOP3와 예방법 반려동물의 건강, 식단, 행동관리까지 실용적인 펫케어 정보 제공 babyanimal88.blogspot.com 안전하고 똑똑한 급식기 선택 가이드 이미 사용 중인 급식기를 잘 관리하는 것도 중요하지"
482,nutrition,3.0,True,"연관 되는 블로그 참조 반려동물 용품 정보 강아지 자동 급식기 고장 많이 나는 부분 TOP3와 예방법 강아지 자동 급식기 고장 많이 나는 부분 TOP3와 예방법 반려동물의 건강, 식단, 행동관리까지 실용적인 펫케어 정보 제공 babyanimal88.blogspot.com 안전하고 똑똑한 급식기 선택 가이드 이미 사용 중인 급식기를 잘 관리하는 것도 중요하지"
1250,storage,3.0,True,약혐 강아지 몸에 붙에 있는 무수한 벌레알 동물짤 강아지 아 저정도면 나는 차에 절대못태운다
1857,nutrition,3.0,True,너무 안 먹어도 걱정이고 그렇다고 고영양 사료를 무조건 먹이는 것도 부담스럽더라고요
1733,storage,3.0,True,강아지 고양이 사료에서 벌레가 발견되는 이유 어찌되었건 피해는 우리 애가 보는데 대응안해주는 건 개빡치네요.
2275,storage,3.0,True,도대체 왜 생기는 걸까요 사료에 생기는 벌레는 대부분 보관 환경과 관련이 있어요.
1376,storage,3.0,True,벌레 단백질이 들어갔다니 신기하더라고요.
1376,nutrition,3.0,True,벌레 단백질이 들어갔다니 신기하더라고요.
2143,storage,3.0,True,"저희 집 댕댕이도 처음에는 몰랐지만, 사료에서 나는 눅눅한 냄새와 왠지 모르게 식욕을 잃는 모습을 볼 때마다 마음이 쓰였습니다."
1376,storage,3.0,True,"벌레 단백질이라니 좀 낯설었는데, 환경에도 좋다기에 관심이 갔던 거예요."
1376,nutrition,3.0,True,"벌레 단백질이라니 좀 낯설었는데, 환경에도 좋다기에 관심이 갔던 거예요."
264,storage,3.0,True,"강아지 모낭충 벌레 , 강아지 피부각질 피부딱지 관리법 강아지 모낭충 벌레, 강아지 피부각질 피부딱지 관리법 강아지를 키우다 보면 어느 날 갑자기 털이 듬성듬성 빠지거나 붉은빛의 강아지 피부딱지가 생겨서 깜짝 놀랄 때가 있어요."
264,storage,3.0,True,반려동물의 피부는 생각보다 얇고 민감해서 강아지 벌레 증식에 큰 영향을 받을 수 있어서 관리가 필요해요.
1966,storage,3.0,True,리비엘라 무선 진공용기 2.6L 실시간 재진공 1회 충전으로 100일 무선 사용 물세척 가능 원래 호두 언니는 사료를 지퍼백으로 보관했는데 지퍼백에 구멍이 생기기도 하고 출근 전처럼 급하게 줄 땐 제대로 잘 안 잠기기도 하니까 상당히 불안해지더라고 사료 산패는 물론 변질 이슈도 생길 수 있는데 특히 여름에는 고온 고습이라 변질이 더 빠르지 보관에 진짜 신경
264,storage,3.0,True,강아지 모낭충 증상 모낭충 은 강아지 모낭 속에 서식하는 미세한 강아지 벌레 종류에요.
1376,storage,3.0,True,브리젠 인섹트 치킨 사료 솔직 후기 브리젠 홀리스틱 인섹트 치킨 사료는 독특한 벌레 단백질을 사용해 환경과 강아지 건강을 모두 생각하게 만든 제품이에요.
1376,nutrition,3.0,True,브리젠 인섹트 치킨 사료 솔직 후기 브리젠 홀리스틱 인섹트 치킨 사료는 독특한 벌레 단백질을 사용해 환경과 강아지 건강을 모두 생각하게 만든 제품이에요.
1966,auto_feed,3.0,True,리비엘라 무선 진공용기 2.6L 실시간 재진공 1회 충전으로 100일 무선 사용 물세척 가능 원래 호두 언니는 사료를 지퍼백으로 보관했는데 지퍼백에 구멍이 생기기도 하고 출근 전처럼 급하게 줄 땐 제대로 잘 안 잠기기도 하니까 상당히 불안해지더라고 사료 산패는 물론 변질 이슈도 생길 수 있는데 특히 여름에는 고온 고습이라 변질이 더 빠르지 보관에 진짜 신경
264,storage,3.0,True,"미세한 강아지 벌레, 모낭충 증식으로 인한 피부 관리법 강아지 모낭충 때문에 생긴 강아지 피부각질과 강아지 피부딱지는 동물병원에서 피모 상태에 따라 적합한 치료 방법을 따라야 돼요."
264,storage,3.0,True,습기가 남아 있으면 강아지벌레 때문에 생긴 강아지각질이 쉽게 호전되지 않는답니다.
1939,storage,3.0,True,일반 급식기처럼 사료가 그대로 노출되는 방식이 아니라 진공 상태 로 보관되어 눅눅함이나 냄새를 줄일 수 있었다.
2275,storage,3.0,True,"개봉한 사료를 오래 두거나, 습하고 따뜻한 곳에 보관하거나, 밀폐가 헐거워 공기가 드나들면 벌레가 생기기 쉬운 편이에요."
