source,url,url_hash,title,body,date,keyword,feed_type,rating,body_from,query_group,collected_at
instagram,https://www.instagram.com/p/DBWSQo4znnx/,9c8a6488e0cb59db,,"#내돈내산 나르왈 프레오 Z 울트라
포메라니안 5마리 털 갈이시기를 감당하기 버거워서
사게 된 로봇청소기 이모님💛
지금까지 기다렸다가 사길 잘했다고 느껴질 정도로
강아지 털 뭉탱이는 물론이고 물걸레까지 완벽히 척척척 해내는 중!
강아지 매트도 트월킹 하면서 잘 올라가고
브러시에 털이 엉키지 않아서 흡입력 테스트까지 완벽
잘 지내보자 로청아🥰
.
.
.
#로봇청소기 #로봇청소기추천 #나르왈 #나르왈로봇청소기
#신제품출시 #프레오z울트라 #로봇청소기강아지",2024-10-20,로봇청소기강아지,post,,caption,robot,2026-09-30T15:46:47
instagram,https://www.instagram.com/p/Cv5SiF8yszM/,bb4b8e311df3e138,,"#로봇청소기강아지 
로봇청소기 피해 숨은 개두식 ㅋㅋ",2023-08-13,로봇청소기강아지,post,,caption,robot,2026-09-30T15:46:47
instagram,https://www.instagram.com/p/Cs6HKOFJR5c/,5428100ce1ba6d35,,"얘드라~ 누나가 나 때문에 청소하기 힘들다며 로봇청소기를 질렀다지 뭐야. 🤖 이름도 나랑 연결되게 '아몬드'로 지었대. 
그런데 얘는 오자마자 왜 이렇게 시끄럽게 하면서 돌아다니는지 진짜 내 신경을 자꾸 건드려! 😒 😤 #다이아와아몬드 #다이아몬드💎 #비숑프리제 #에코백스 #디봇t10옴니 #로봇청소기 #로봇청소기강아지",2023-05-31,로봇청소기강아지,post,,caption,robot,2026-09-30T15:46:47
instagram,https://www.instagram.com/p/ChbFWjxJqCq/,04f3db082b453f86,,"이젠 로보청소기 따윈 안머섭개! 
바로 옆에서 귀도 긁을 수 이찌! 

장난감도 픽할 수 있고! 

매일매일 조금씩 둔감해지는(?) 개린이 츄이 🐶

#골든두들 #츄이 #골든두들츄이 #로봇청소기강아지 #무섭지않긔 #칭그칭긔 #댕댕이",2022-08-19,로봇청소기강아지,post,,caption,robot,2026-09-30T15:46:47
instagram,https://www.instagram.com/p/CeJG-R6APIv/,06a9550747a489da,,"치명적인 뒷태.........♡
로봇청소기 종일 돌릴기세

#멍스타그램
#로봇청소기강아지
#뒷모습졸귀",2022-05-29,로봇청소기강아지,post,,caption,robot,2026-09-30T15:46:47
instagram,https://www.instagram.com/p/CZJGw_wrv01/,42f3c91f44958124,,충전하러간 로봇청소기가 신기한 우리집 댕댕이 처음엔 도망가고 짖고 그러더니 이젠 가까이에도 가고 다컸네 다컸어 🐶,2022-01-25,로봇청소기강아지,post,,caption,robot,2026-09-30T15:46:47
instagram,https://www.instagram.com/p/CYwK3oPJw4X/,d847e9af552aa660,,"도브고네 새로운 칭구가 생겨써요💙

건강하던 브리가 작년연말부터 두번 병원갈일이 있었는데.. 진단명이 기관지염🥲

온도습도먼지 등등 여러 이유가있겠지만.. 요즘 바쁘다고 청소를 게을리한게 문제려나.. 싶어서 물걸레로봇청소기를 샀습니당~ 왜 이제샀나싶게 만족스러움👏👍

강아지매트를 깔면서 원래 가지고있던 먼지흡입용 로봇청소기는 무용지물이 되었고..
그 후 로봇청소기는 다시는 쓸일없을줄 알았는데 물걸레청소기는 또다른 세계🙈⁉️

🎃비하인드스토리...
로청이가 퓨리케어 공청이앞에서 ""청소중입니닷. 비켜주십시오✋""라고 했다는.....ㅋㅋ

.
.
.
#내돈내산 #청소잘하는친구 #친하게지내자 #물걸레로봇청소기 #로봇청소기강아지 #코드제로m9 #lgm9 #lgobjetcollection #똑똑이 #청소를부탁해
#연초는 #복포소진하는맛

.
.
.
#귀염뽀짝#도브고#도토리패밀리#도토리엄마#딸랑구브리#아들램고다#다둥이네#chihuahua#longcoatchihuahua#장모치와와#치와와#견생샷#반려견일상",2022-01-15,로봇청소기강아지,post,,caption,robot,2026-09-30T15:46:47
instagram,https://www.instagram.com/p/Cs6HKOFJR5c/#c17987698475093861,9da204b372c9d5c1,,다이아아몬드 친하게 지내렴😍,2023-05-31,로봇청소기강아지,comment,,comment,robot,2026-09-30T15:46:47
instagram,https://www.instagram.com/p/ChbFWjxJqCq/#c18022683247408646,eae063bc44a47f95,,츄이 이제 늠르음 해졌고나 무려 로봇청소기옆에서 귀를 벅벅 😂😂😂 임모는 대견하다 우리 츄이🐶👍,2022-08-20,로봇청소기강아지,comment,,comment,robot,2026-09-30T15:46:47
instagram,https://www.instagram.com/p/ChbFWjxJqCq/#c17892608714675960,afaced6fdfb6ecb3,,츄이츄이 만나서 반가워~,2022-08-19,로봇청소기강아지,comment,,comment,robot,2026-09-30T15:46:47
instagram,https://www.instagram.com/p/CZJGw_wrv01/#c18029663212327568,6580e8dfe1847cee,,안뇽 난 째몽이야 🧡 멍팔하구 칭구하쟈 !,2022-01-25,로봇청소기강아지,comment,,comment,robot,2026-09-30T15:46:47
instagram,https://www.instagram.com/p/CYwK3oPJw4X/#c17897817824394970,091eecb5edb906dc,,물걸레 청소기라니~~너무 좋을꺼 같아용❤👍,2022-01-17,로봇청소기강아지,comment,,comment,robot,2026-09-30T15:46:47
instagram,https://www.instagram.com/p/CYwK3oPJw4X/#c17913557318145549,22aad83ecafc84a8,,맞아요 매트때문에 그냥 청소기는 넘 답답하던데.. 요건 신기하네요😮 아푸지말자 브리❤️,2022-01-16,로봇청소기강아지,comment,,comment,robot,2026-09-30T15:46:47
instagram,https://www.instagram.com/p/CYwK3oPJw4X/#c18160540477173085,6b1e3e1f640166fe,,좋아보여요 디자인도 이쁘고🙌 도브고 안 무서워하고 쳐다보고 있는것도 귀염☺️,2022-01-16,로봇청소기강아지,comment,,comment,robot,2026-09-30T15:46:47
instagram,https://www.instagram.com/p/CYwK3oPJw4X/#c17843181152721637,acc646e95854f66b,,우와 물걸레 청소기는 정망 신문물이네요!!!👏👏,2022-01-16,로봇청소기강아지,comment,,comment,robot,2026-09-30T15:46:47
instagram,https://www.instagram.com/p/CYwK3oPJw4X/#c17921131844144238,2bebf0cb9dcdb777,,청소한다고 비켜주라고 하는게 포인트네요??😮 너무 탐나욬ㅋㅋㅋ,2022-01-15,로봇청소기강아지,comment,,comment,robot,2026-09-30T15:46:47
instagram,https://www.instagram.com/p/CYwK3oPJw4X/#c17909052668355230,bca62744d835ea67,,ㅎㅎ 오~~ 편하겠어요ㅎㅎ 비켜주세요ㅋㅋㅋㅋ🤭🤭,2022-01-15,로봇청소기강아지,comment,,comment,robot,2026-09-30T15:46:47
instagram,https://www.instagram.com/p/CYwK3oPJw4X/#c17991661660424643,d91044c89ba71202,,물걸레 로봇청소기 짱이에욤👏 아가들이 무서워 하지 않아서 다행이에욤ㅎㅎ,2022-01-15,로봇청소기강아지,comment,,comment,robot,2026-09-30T15:46:47
instagram,https://www.instagram.com/p/DBWSQo4znnx/#c18483457984021335,d69a1ed60f28e21d,,"안녕하세요, 방송 출연 건으로 연락드립니다. 바쁘시겠지만 DM 확인 부탁드립니다🙏🏻",2024-12-30,로봇청소기강아지,comment,,comment,robot,2026-09-30T15:46:47
instagram,https://www.instagram.com/p/Dd0bFwrkUQU/,f553bb75a8841db7,,"저희 집에 홈캠 들였어요 🥰🏠
씨앤케어 인공지능 홈카메라 A+ 📹

유튜브 비교영상 엄청 찾아보고 골랐어요 👀
제가 본 기준은 이거예요 👇

✔️ 국내 서버라 믿음이 가요 🇰🇷
✔️ 해킹 걱정 덜해서 마음이 편해요 🔒
✔️ 500만 화소라 화질이 선명해요 🔍
✔️ 기능이 편리해서 쓰기 쉬워요 📲

가격 대비 성능이 진짜 좋아서 거실용 아기방용으로 2개 들였어요 😆💛

#씨앤케어 #홈캠추천 #500만화소 #인공지능홈카메라 #아기홈캠",2026-09-28,펫캠,post,,caption,substitute,2026-09-30T15:47:19
instagram,https://www.instagram.com/p/DdiyN2kGBBK/,451df21ea87d2471,,"🐶🐱 댕냥이들도 기다리는 추석 연휴 🌕💛

집사랑 오래오래 붙어 있을 수 있어서 좋고,
맛있는 냄새 솔솔 나는 것도 좋고 👀🍂
평소보다 쓰담쓰담도 간식도 더 많이 받는 날✨

긴 연휴 동안 우리 댕냥이들도
아프지 말고, 신나게 놀고, 푹 쉬면서
행복한 추석 보내길 바라요 🐾🧡

세상의 모든 댕냥이들과 집사님들,
따뜻하고 행복한 한가위 보내세요 🌕✨

※ 본 이미지는 AI로 생성된 연출 이미지이며, 실제 반려동물이 음식을 섭취한 장면이 아닙니다.

#파인뷰 #홈캠 #육아템 #베이비캠 #홈캠추천 #육아 #펫캠 #반려동물 #K90 #K11 #닥스훈트 #치즈냥이#추석 #한가위",2026-09-21,펫캠,post,,caption,substitute,2026-09-30T15:47:19
instagram,https://www.instagram.com/p/DdbAdoDk00v/,81978e5d41409f7d,,"집을 비운 사이, 우리 집에서는 무슨 일이? 👀🐾

평화롭게 낮잠 자는 줄 알았는데…
잠깐 한눈판 사이 화분과 한판 승부 중 🌱😂

T1 HOME CAM으로
집 밖에서도 실시간으로 우리 집을 확인하고,
반려동물의 소중한 일상까지 함께해 보세요.

보고 있으면 사고 치는 순간마저 귀여우니까 🤍

언제 어디서나, 소중한 순간을 지켜요.
T1 HOME CAM 📹✨ 

#ThingsOne #스마트홈 #t1homecam #싱스원 #반려동물홈캠 #펫캠 #고양이 #반려동물 #홈캠",2026-09-18,펫캠,post,,caption,substitute,2026-09-30T15:47:19
instagram,https://www.instagram.com/p/DdTSbckGACK/,bc6037e40d4576ca,,"#K11

✨엄마와 아기의 하루를 더 안심되게✨
잠깐 눈을 돌린 순간에도,
우리 아이의 모습을 놓치지 않도록
파인뷰 홈캠 K11이 함께합니다💛

✔ 800만 화소 4K UHD
✔ 금융권 수준 보안 시스템
✔ AI 모션 트래킹 팔로우 베베
✔ 좌우 355° · 상하 66° 회전
✔ 뒤집기 알림
✔ 분리수면 리포트

아이와 함께하는 소중한 일상,
엄마가 늘 곁에 있지 못하는 순간에도
파인뷰 K11로 한 번 더 안심하세요

기능은 완벽하게, 디자인은 감각있게
거실 어디에 두어도 자연스러운 화이트 톤으로
우리 집 분위기까지 챙겼습니다👶🏻💕

#파인뷰 #홈캠 #육아템 #베이비캠 #홈캠추천 #육아 #육아맘 #펫캠",2026-09-15,펫캠,post,,caption,substitute,2026-09-30T15:47:19
instagram,https://www.instagram.com/p/DdQnmhJEyuf/,b126fd4ed2a8ca42,,"이불 밖은 위험한데 불 끄러 일어나기 세상 귀찮았던 분? 🛌💡

'시리야 불 꺼줘' 한마디면 조명이 스르륵 꺼지고,
퇴근 10분 전에 밖에서 폰으로 탄소매트 켜두는 신세계!
배선 공사 1도 없이 콘센트만 꽂으면 끝나는 스마트홈 꿀템 3선:

✨ 방구석을 감성 호텔 바로 바꿔주는 필립스 휴 그라디언트 조명
👀 외출 중 우리 집 댕댕이 지켜보는 360도 2K 티피링크 홈캠
🔌 고데기 켜두고 나왔을 때 밖에서 원격 차단하는 스마트 플러그

한 번 써보면 절대 이전으로 못 돌아갑니다 🚀
상세 제품 세팅법과 좌표는 프로필 블로그 링크에서 확인하세요!

#스마트홈 #IoT라이프 #필립스휴 #홈CCTV #펫캠 #스마트플러그 #자취방인테리어 #데스크테리어 #감성방꾸미기",2026-09-14,펫캠,post,,caption,substitute,2026-09-30T15:47:19
instagram,https://www.instagram.com/p/Dd0bFwrkUQU/#c18137975359730433,24e98870d9fe3a8b,,오!! 요거 가격은 어떻게되나요?,2026-09-29,펫캠,comment,,comment,substitute,2026-09-30T15:47:19
instagram,https://www.instagram.com/p/Dd0bFwrkUQU/#c18089898671669310,bcead8ce0c824142,,저는 이미 헤이홈으로 장만해버렸다는 😂 국내 서버라 좋네요 .ᐟ.ᐟ,2026-09-29,펫캠,comment,,comment,substitute,2026-09-30T15:47:19
instagram,https://www.instagram.com/p/Dd0bFwrkUQU/#c18087385994680024,d60a4194e8044c0d,,국내서버 안심되네요 !! 저두 슬슬 홈캠 준비해야 하는데 한 번 알아봐야겠어요🥹,2026-09-29,펫캠,comment,,comment,substitute,2026-09-30T15:47:19
instagram,https://www.instagram.com/p/Dd0bFwrkUQU/#c18094476260646729,16d7b67f2789704f,,저희 집이랑 같아요! 사용해보니 편하구 넘넘 좋더라구요!!👏,2026-09-28,펫캠,comment,,comment,substitute,2026-09-30T15:47:19
instagram,https://www.instagram.com/p/Dd0bFwrkUQU/#c17929573254167398,5fd3c10cd64ed196,,으아 홈캠 너무 고민데요 ㅎㅎㅎㅎ싼거살지 기능좋은거 살지..😮,2026-09-28,펫캠,comment,,comment,substitute,2026-09-30T15:47:19
instagram,https://www.instagram.com/p/Dd0bFwrkUQU/#c18133402738680648,cec2ab00e917961e,,500만 화소라 넘 좋은걸요..? 저도 홈캠 하나 준비해야 하는데 요 제품 탐나네요 😍,2026-09-28,펫캠,comment,,comment,substitute,2026-09-30T15:47:19
instagram,https://www.instagram.com/p/Dd0bFwrkUQU/#c18009436094964744,955d7a7abab2976d,,저도 이제품으로 구매했는데! 화질도좋고 다 만족중이에요 😆👍🏻,2026-09-28,펫캠,comment,,comment,substitute,2026-09-30T15:47:19
instagram,https://www.instagram.com/p/Dd0bFwrkUQU/#c18098356835543816,2836e3aa296dce07,,저두 홈캠 알아보고 있는데 ...ᐟ.ᐟ 이거 좋아보이네용 𓂃♡,2026-09-28,펫캠,comment,,comment,substitute,2026-09-30T15:47:19
instagram,https://www.instagram.com/p/Dd0bFwrkUQU/#c18428053216178123,2326dbcbd64b71fe,,저도 씨앤케어 500 2개로 준비했지요 ㅎㅎㅎㅎ 여러모로 넘 좋더라구요!!❤️,2026-09-28,펫캠,comment,,comment,substitute,2026-09-30T15:47:19
