url_hash,tag,url,in_period,caption
bb4b8e311df3e138,로봇청소기강아지,https://www.instagram.com/p/Cv5SiF8yszM/,False,"#로봇청소기강아지 
로봇청소기 피해 숨은 개두식 ㅋㅋ"
5428100ce1ba6d35,로봇청소기강아지,https://www.instagram.com/p/Cs6HKOFJR5c/,False,"얘드라~ 누나가 나 때문에 청소하기 힘들다며 로봇청소기를 질렀다지 뭐야. 🤖 이름도 나랑 연결되게 '아몬드'로 지었대. 
그런데 얘는 오자마자 왜 이렇게 시끄럽게 하면서 돌아다니는지 진짜 내 신경을 자꾸 건드려! 😒 😤 #다이아와아몬드 #다이아몬드💎 #비숑프리제 #에코백스 #디봇t10옴니 #로봇청소기 #로봇청소기강아지"
4b91a6918706c574,로봇청소기강아지,https://www.instagram.com/p/CqnmtUqJW8o/,False,"골든리트리버 가족중에 로봇청소기 쓰시는분들 계세요?
대량의 긴털들을 로봇청소기가 이겨내는지,
매트위에 털도 잘 청소해내는지(?)
실사용 후기가 궁금해요🙄🤎

예전부터 넘 사고싶었는데
매트+개털 조합은 보통 사용어렵다그래서 포기하고 살았어요🫠
몇년지난 지금의 기술이 궁금합니닷ㅋㅋㅋ

#로봇청소기사고시포요!!!!!!🤖
#개털
#로봇청소기추천"
04f3db082b453f86,로봇청소기강아지,https://www.instagram.com/p/ChbFWjxJqCq/,False,"이젠 로보청소기 따윈 안머섭개! 
바로 옆에서 귀도 긁을 수 이찌! 

장난감도 픽할 수 있고! 

매일매일 조금씩 둔감해지는(?) 개린이 츄이 🐶

#골든두들 #츄이 #골든두들츄이 #로봇청소기강아지 #무섭지않긔 #칭그칭긔 #댕댕이"
06a9550747a489da,로봇청소기강아지,https://www.instagram.com/p/CeJG-R6APIv/,False,"치명적인 뒷태.........♡
로봇청소기 종일 돌릴기세

#멍스타그램
#로봇청소기강아지
#뒷모습졸귀"
